work_id,start_time,end_time,music,num_interruptions,workspace_volume,num_meetings,num_breaks,progress
0.0,1541302553160.0,1541302553619.0,0.0,10.0,0.6007641162409598,6.0,2.0,0.18815114292259813
1.0,1541302553455.0,1541302553158.0,1.0,6.0,0.61094552551082,2.0,5.0,0.29220426735471383
2.0,1541302553914.0,1541302553869.0,0.0,8.0,0.4703644879590656,12.0,0.0,0.07370017087988531
3.0,1541302553238.0,1541302553822.0,1.0,7.0,0.2728094312393364,3.0,3.0,0.35354502852555614
4.0,1541302553208.0,1541302553719.0,1.0,5.0,1.0,5.0,3.0,0.4949063898284274
5.0,1541302553775.0,1541302554461.0,0.0,6.0,1.0,6.0,1.0,0.438289151150066
6.0,1541302553069.0,1541302553608.0,0.0,2.0,1.0,3.0,6.0,0.08824571738568776
7.0,1541302553856.0,1541302554867.0,1.0,9.0,1.0,2.0,11.0,0.21216513116065336
8.0,1541302553882.0,1541302554708.0,1.0,6.0,0.25330472619263134,5.0,0.0,0.35250441140307215
9.0,1541302553431.0,1541302553900.0,0.0,6.0,0.3662058083032554,3.0,1.0,0.46886279270928055
10.0,1541302554531.0,1541302554450.0,1.0,9.0,0.787462027621801,8.0,2.0,0.5201198840082475
11.0,1541302553690.0,1541302553824.0,1.0,9.0,0.9798739479100148,1.0,8.0,0.24051103819538744
12.0,1541302553564.0,1541302552952.0,1.0,6.0,0.7656939252577118,7.0,2.0,0.11416791239987213
13.0,1541302553478.0,1541302554067.0,0.0,1.0,0.9469830918796421,7.0,3.0,0.051268803355223436
14.0,1541302553153.0,1541302553088.0,0.0,7.0,0.01334770411066244,8.0,15.0,0.05500627621430909
15.0,1541302553570.0,1541302554049.0,1.0,9.0,0.74610203763853,13.0,2.0,0.021348540296152407
16.0,1541302553548.0,1541302554152.0,0.0,9.0,0.6460880601600523,6.0,8.0,0.061669834163286474
17.0,1541302552926.0,1541302552585.0,1.0,9.0,1.0,11.0,10.0,0.17811137269661018
18.0,1541302554399.0,1541302554819.0,0.0,4.0,1.0,11.0,3.0,0.17176409568739145
19.0,1541302553812.0,1541302554210.0,0.0,4.0,0.256817383140622,6.0,0.0,0.08441976194091488
20.0,1541302553692.0,1541302554651.0,1.0,8.0,0.8985326030116887,3.0,5.0,0.054685439629277854
21.0,1541302553754.0,1541302554885.0,0.0,10.0,0.00862548005236119,6.0,2.0,0.03847622849018009
22.0,1541302553738.0,1541302553984.0,0.0,8.0,0.3595924185028701,5.0,4.0,0.1970321068536836
23.0,1541302553383.0,1541302554460.0,1.0,11.0,0.7187370587450304,10.0,4.0,0.306893142137687
24.0,1541302552773.0,1541302552910.0,1.0,7.0,1.0,5.0,5.0,0.321131930309701
25.0,1541302553781.0,1541302554918.0,1.0,7.0,0.7322229070791633,6.0,0.0,0.4938363559870991
26.0,1541302552935.0,1541302553660.0,0.0,3.0,0.9498205343321693,5.0,3.0,0.14014360857546576
27.0,1541302554092.0,1541302554484.0,0.0,6.0,0.6407504765635561,5.0,2.0,0.12445819815076921
28.0,1541302553426.0,1541302553815.0,1.0,5.0,1.0,10.0,0.0,0.20011684869259336
29.0,1541302552727.0,1541302552467.0,1.0,5.0,1.0,4.0,8.0,0.15396067452861625
30.0,1541302553101.0,1541302553835.0,1.0,5.0,0.9098219587266925,8.0,1.0,0.1715331951684522
31.0,1541302553298.0,1541302553786.0,1.0,9.0,0.7288131440616471,10.0,3.0,0.14726453666074407
32.0,1541302553615.0,1541302554273.0,0.0,12.0,0.4133325401487766,2.0,14.0,0.47180654456417814
33.0,1541302553621.0,1541302554919.0,1.0,3.0,0.7949149784197858,9.0,3.0,0.0531669465778577
34.0,1541302553417.0,1541302553891.0,1.0,10.0,0.6671421042313953,8.0,11.0,0.7047817707573212
35.0,1541302553124.0,1541302553516.0,0.0,9.0,0.9505554805488725,7.0,2.0,0.5488148831747723
36.0,1541302552689.0,1541302552999.0,1.0,11.0,0.8190105277707977,3.0,1.0,0.4135109783451932
37.0,1541302553449.0,1541302554273.0,0.0,9.0,0.0,7.0,2.0,0.21216742638044275
38.0,1541302554052.0,1541302555255.0,0.0,6.0,0.0,5.0,1.0,0.031127927889494533
39.0,1541302553263.0,1541302552990.0,1.0,7.0,0.0,5.0,3.0,0.30459404756633285
40.0,1541302554271.0,1541302555521.0,1.0,6.0,1.0,8.0,3.0,0.3264580012606602
41.0,1541302553656.0,1541302554280.0,1.0,6.0,0.6953122777621292,6.0,5.0,0.1955848375892496
42.0,1541302553041.0,1541302553776.0,1.0,8.0,0.769522252660577,9.0,1.0,0.1964839244933338
43.0,1541302553416.0,1541302554315.0,0.0,2.0,0.6809142206299671,8.0,0.0,0.5367896550586336
44.0,1541302553826.0,1541302554696.0,0.0,4.0,0.318161816465681,5.0,10.0,0.5054029638261199
45.0,1541302553378.0,1541302552921.0,0.0,10.0,0.9090517590194493,1.0,9.0,0.14471137677009227
46.0,1541302553279.0,1541302553866.0,0.0,8.0,0.0,9.0,4.0,0.36986115001921116
47.0,1541302553007.0,1541302553203.0,1.0,10.0,1.0,9.0,5.0,0.12237936253095572
48.0,1541302553029.0,1541302553554.0,1.0,7.0,0.0,6.0,6.0,0.28083548463596164
49.0,1541302553466.0,1541302553869.0,1.0,7.0,1.0,0.0,2.0,0.06277502310722183
50.0,1541302553523.0,1541302553707.0,1.0,1.0,0.6621030750494551,3.0,4.0,0.19788946901722745
51.0,1541302553870.0,1541302554721.0,1.0,4.0,0.6356326059019409,7.0,10.0,0.020341632046752156
52.0,1541302554795.0,1541302555035.0,0.0,7.0,0.8177797582598981,8.0,0.0,0.24997528434787275
53.0,1541302553740.0,1541302554056.0,1.0,6.0,1.0,4.0,2.0,0.13948617476119898
54.0,1541302553801.0,1541302554359.0,1.0,9.0,0.1161475036448506,4.0,0.0,0.06790618119438577
55.0,1541302553840.0,1541302554954.0,1.0,8.0,1.0,0.0,5.0,0.44494212885233153
56.0,1541302553335.0,1541302553974.0,1.0,8.0,0.7751497061447992,7.0,7.0,0.33769389304369857
57.0,1541302553882.0,1541302553704.0,1.0,6.0,1.0,7.0,4.0,0.1836151456108276
58.0,1541302553539.0,1541302554656.0,1.0,8.0,0.5634579826739009,13.0,0.0,0.028042779475754898
59.0,1541302553599.0,1541302553953.0,1.0,4.0,0.6978685556105876,3.0,4.0,0.08724174989602423
60.0,1541302553989.0,1541302554978.0,1.0,7.0,1.0,10.0,0.0,0.39130002872848807
61.0,1541302554096.0,1541302554614.0,0.0,9.0,0.8047312033003312,7.0,3.0,0.24995354942274606
62.0,1541302553644.0,1541302554342.0,1.0,8.0,0.7703518347076673,10.0,0.0,0.16209661147980264
63.0,1541302554030.0,1541302553936.0,1.0,9.0,0.7728838459412922,11.0,3.0,4.1415683838919026e-05
64.0,1541302553198.0,1541302553151.0,1.0,7.0,0.7637364167366526,6.0,0.0,0.14390070304899605
65.0,1541302554011.0,1541302553763.0,1.0,4.0,1.0,7.0,0.0,0.2456372075904915
66.0,1541302553969.0,1541302554912.0,1.0,5.0,0.8266371736509701,10.0,0.0,0.4252253282922098
67.0,1541302553842.0,1541302554010.0,1.0,6.0,0.536826064497737,8.0,1.0,0.3709698649253274
68.0,1541302554835.0,1541302555180.0,1.0,6.0,0.874473553814597,13.0,2.0,0.01994354844981977
69.0,1541302553059.0,1541302553194.0,0.0,2.0,1.0,0.0,5.0,0.14454526316709432
70.0,1541302553749.0,1541302554409.0,1.0,3.0,0.8678852012840934,5.0,2.0,0.48941705297646604
71.0,1541302554222.0,1541302554441.0,1.0,7.0,0.0,6.0,2.0,0.014545272171252954
72.0,1541302553894.0,1541302554629.0,1.0,7.0,0.7966487115409608,4.0,0.0,0.25966225872167603
73.0,1541302553800.0,1541302555295.0,1.0,4.0,0.8790845441367137,6.0,2.0,0.22021455202718865
74.0,1541302553219.0,1541302553196.0,1.0,7.0,0.5576249073103965,10.0,1.0,0.08495260274331318
75.0,1541302553513.0,1541302554122.0,1.0,6.0,0.8786047486086501,4.0,1.0,0.08619045287531711
76.0,1541302553631.0,1541302553684.0,1.0,1.0,0.08567104516747925,7.0,5.0,0.0024072985433818417
77.0,1541302553450.0,1541302553757.0,0.0,13.0,0.8924220274268729,10.0,2.0,0.062479064898425835
78.0,1541302553523.0,1541302553363.0,1.0,6.0,1.0,8.0,7.0,0.06688726436827075
79.0,1541302554101.0,1541302554752.0,1.0,6.0,0.3849501813721815,1.0,0.0,0.17686881808326693
80.0,1541302553754.0,1541302554583.0,1.0,3.0,0.700027888258067,8.0,2.0,0.11058583579426623
81.0,1541302553798.0,1541302554145.0,0.0,7.0,1.0,11.0,4.0,0.22367944213280155
82.0,1541302553098.0,1541302553010.0,1.0,8.0,0.6727758566621594,8.0,3.0,0.0858161866778222
83.0,1541302553733.0,1541302553539.0,0.0,8.0,0.14945163300107578,11.0,6.0,0.4617456982900253
84.0,1541302554143.0,1541302554851.0,0.0,6.0,0.6906187903719218,5.0,7.0,0.13419029232264018
85.0,1541302554061.0,1541302554021.0,1.0,1.0,1.0,8.0,4.0,0.26578096597575146
86.0,1541302554637.0,1541302555256.0,0.0,5.0,1.0,6.0,2.0,0.2255991655762961
87.0,1541302553665.0,1541302554196.0,1.0,1.0,0.7455288433548724,4.0,1.0,0.316953385755406
88.0,1541302554134.0,1541302554529.0,1.0,7.0,0.46148609835260745,6.0,0.0,0.013813839700639624
89.0,1541302554105.0,1541302554922.0,1.0,5.0,1.0,10.0,2.0,0.09292159758473822
90.0,1541302553521.0,1541302553575.0,0.0,8.0,0.39700920801150924,11.0,0.0,0.14972044167316625
91.0,1541302553575.0,1541302554733.0,0.0,4.0,0.6226829235075435,9.0,4.0,0.22317777604608227
92.0,1541302553426.0,1541302554042.0,1.0,5.0,0.761292068164668,2.0,4.0,0.4034364854852015
93.0,1541302552995.0,1541302553309.0,1.0,13.0,0.17982965215991709,7.0,1.0,0.33258971413228494
94.0,1541302554028.0,1541302554714.0,1.0,11.0,0.33186294227305857,5.0,0.0,0.21813606830182675
95.0,1541302553061.0,1541302553954.0,0.0,6.0,0.07149451762262893,3.0,0.0,0.20172616196066812
96.0,1541302553283.0,1541302554455.0,0.0,6.0,1.0,7.0,0.0,0.375380163579902
97.0,1541302553283.0,1541302553203.0,1.0,9.0,1.0,7.0,0.0,0.05766225012920656
98.0,1541302553202.0,1541302553390.0,0.0,9.0,1.0,3.0,1.0,0.41736932114019226
99.0,1541302554146.0,1541302554911.0,1.0,11.0,0.0,7.0,1.0,0.10815425069562068
100.0,1541302553509.0,1541302554470.0,1.0,2.0,0.8516755418657711,3.0,0.0,0.02261978597353667
101.0,1541302554033.0,1541302554352.0,0.0,15.0,0.8192112018515152,9.0,6.0,0.14503609697068537
102.0,1541302553656.0,1541302554373.0,1.0,8.0,0.5385362451714281,13.0,1.0,0.10424482908820892
103.0,1541302553847.0,1541302554010.0,1.0,8.0,0.08814098977811435,10.0,1.0,0.6297300236677407
104.0,1541302552787.0,1541302553028.0,0.0,9.0,0.5745918403790577,7.0,6.0,0.30811775712346845
105.0,1541302553919.0,1541302554045.0,1.0,10.0,0.8205279160979385,6.0,5.0,0.2247314845666404
106.0,1541302553601.0,1541302553863.0,0.0,9.0,0.5321729186394203,10.0,7.0,0.3134509087359707
107.0,1541302553541.0,1541302554393.0,0.0,7.0,0.4244368173536717,4.0,5.0,0.1992282396207011
108.0,1541302554027.0,1541302554871.0,1.0,1.0,1.0,14.0,5.0,0.33253989195464617
109.0,1541302553686.0,1541302554292.0,1.0,6.0,1.0,10.0,5.0,0.0027337334163370086
110.0,1541302554169.0,1541302554181.0,0.0,8.0,1.0,3.0,9.0,0.15030419124650427
111.0,1541302553451.0,1541302553965.0,1.0,9.0,0.4782593367609296,2.0,12.0,0.3605556582600325
112.0,1541302553500.0,1541302553856.0,0.0,7.0,1.0,5.0,4.0,0.05431835837641158
113.0,1541302553703.0,1541302554140.0,1.0,7.0,0.0026933930320659494,5.0,3.0,0.1684091256491277
114.0,1541302553440.0,1541302554234.0,1.0,12.0,0.25655296142405387,2.0,1.0,0.02357150483698217
115.0,1541302553495.0,1541302554238.0,1.0,6.0,0.6528562608358444,7.0,4.0,0.10252410836273008
116.0,1541302553742.0,1541302554460.0,1.0,4.0,1.0,10.0,3.0,0.051282735943099345
117.0,1541302553891.0,1541302554513.0,0.0,4.0,1.0,1.0,6.0,0.19109299715521327
118.0,1541302553427.0,1541302554476.0,0.0,4.0,0.4485418256159423,12.0,3.0,0.4060874327974261
119.0,1541302553685.0,1541302554345.0,0.0,9.0,0.3278817385175995,7.0,1.0,0.12610707544737887
120.0,1541302553841.0,1541302554818.0,0.0,2.0,1.0,3.0,4.0,0.06173702193460906
121.0,1541302553561.0,1541302554375.0,1.0,6.0,0.4111929648532382,8.0,3.0,0.044665640990908834
122.0,1541302553948.0,1541302553832.0,0.0,10.0,1.0,3.0,0.0,0.12557199727812818
123.0,1541302554512.0,1541302554839.0,1.0,5.0,0.9061612489686577,9.0,6.0,0.00865102474750401
124.0,1541302554582.0,1541302554997.0,1.0,10.0,1.0,10.0,2.0,0.2109590025270851
125.0,1541302553695.0,1541302553873.0,0.0,4.0,1.0,6.0,5.0,0.20033505864659154
126.0,1541302553581.0,1541302554278.0,1.0,1.0,0.802157224305647,8.0,1.0,0.15512646919764728
127.0,1541302553179.0,1541302554008.0,1.0,3.0,1.0,5.0,1.0,0.04747502043421778
128.0,1541302553681.0,1541302553605.0,1.0,8.0,0.47929165341604674,9.0,6.0,0.32435684067338055
129.0,1541302552984.0,1541302554179.0,1.0,4.0,0.0,14.0,5.0,0.5892512165244654
130.0,1541302553482.0,1541302554281.0,0.0,9.0,0.5573078931877753,2.0,2.0,0.09706340235009894
131.0,1541302553490.0,1541302554068.0,0.0,8.0,1.0,4.0,8.0,0.5075840453856549
132.0,1541302554134.0,1541302554248.0,0.0,7.0,0.6827567243286382,10.0,1.0,0.08426768575024485
133.0,1541302553525.0,1541302554329.0,1.0,9.0,1.0,5.0,6.0,0.06437978578315912
134.0,1541302552989.0,1541302552913.0,1.0,5.0,0.0,1.0,9.0,0.06439679400625437
135.0,1541302553401.0,1541302554064.0,1.0,5.0,1.0,2.0,6.0,0.48178630135661943
136.0,1541302554391.0,1541302554643.0,0.0,8.0,1.0,11.0,2.0,0.34832095544289265
137.0,1541302552916.0,1541302553268.0,1.0,7.0,0.9023441891860662,9.0,4.0,0.0008511631069018644
138.0,1541302553822.0,1541302554597.0,1.0,4.0,0.9469146283322118,10.0,6.0,0.3626909508056747
139.0,1541302553598.0,1541302553170.0,1.0,3.0,1.0,10.0,3.0,0.04778848433046523
140.0,1541302553233.0,1541302554310.0,1.0,7.0,0.8400404313539962,1.0,5.0,0.055979059641974055
141.0,1541302553813.0,1541302554789.0,1.0,2.0,0.21116254909760712,1.0,5.0,0.49223788547499436
142.0,1541302553928.0,1541302554135.0,1.0,5.0,0.2895124132650343,6.0,6.0,0.23384139278458727
143.0,1541302553907.0,1541302554454.0,1.0,12.0,0.46633807552153067,4.0,8.0,0.05812891965600153
144.0,1541302553920.0,1541302554019.0,1.0,4.0,0.6935557189344921,4.0,1.0,0.45903809668402834
145.0,1541302552858.0,1541302552842.0,1.0,8.0,1.0,5.0,7.0,0.2359103745869381
146.0,1541302554383.0,1541302554849.0,0.0,10.0,0.14041627152033676,5.0,6.0,0.15487506919411895
147.0,1541302553020.0,1541302553014.0,1.0,3.0,0.9710072894017142,8.0,3.0,0.1154490607004122
148.0,1541302553998.0,1541302554332.0,1.0,2.0,0.8537013013292241,7.0,8.0,0.15808194652889915
149.0,1541302554581.0,1541302555152.0,1.0,7.0,0.5241041249736553,11.0,0.0,0.36064486880199237
150.0,1541302553476.0,1541302553801.0,1.0,10.0,0.19474013249450028,5.0,2.0,0.13233324596843182
151.0,1541302553330.0,1541302553612.0,0.0,6.0,0.2063324096795799,6.0,1.0,0.45502522694627323
152.0,1541302553297.0,1541302553507.0,1.0,5.0,1.0,9.0,0.0,0.02411268590758514
153.0,1541302554006.0,1541302554290.0,1.0,5.0,0.0,7.0,3.0,0.21800019406326332
154.0,1541302553441.0,1541302554369.0,0.0,7.0,1.0,7.0,3.0,0.017722021473026622
155.0,1541302554256.0,1541302554378.0,1.0,8.0,0.7070800862328762,6.0,1.0,0.20448069540561817
156.0,1541302553415.0,1541302553884.0,0.0,6.0,0.5035085253783227,6.0,5.0,0.006867300370617974
157.0,1541302552815.0,1541302552796.0,1.0,5.0,1.0,9.0,1.0,0.2853236864646812
158.0,1541302553299.0,1541302553182.0,1.0,1.0,0.2734646670207552,5.0,5.0,0.7065231415419044
159.0,1541302553891.0,1541302553153.0,1.0,9.0,1.0,8.0,2.0,0.014362720618001756
160.0,1541302552583.0,1541302553240.0,1.0,8.0,0.15553970051867028,13.0,3.0,0.0974806882911131
161.0,1541302554004.0,1541302553704.0,1.0,10.0,0.7912228902137233,0.0,0.0,0.11281738803769081
162.0,1541302554432.0,1541302554794.0,1.0,11.0,0.6423459110200411,7.0,4.0,0.2512848806602348
163.0,1541302553760.0,1541302554410.0,1.0,4.0,0.1758478269217535,7.0,4.0,0.16361114622560263
164.0,1541302553642.0,1541302554740.0,0.0,6.0,1.0,8.0,11.0,0.21346562885675907
165.0,1541302553853.0,1541302554672.0,1.0,9.0,0.5403354251323205,10.0,5.0,0.29014133087897925
166.0,1541302554024.0,1541302554890.0,1.0,9.0,0.29741004524936115,5.0,2.0,0.12749529431449597
167.0,1541302553585.0,1541302554786.0,1.0,8.0,0.5917042846803243,7.0,3.0,0.06992354097159115
168.0,1541302553323.0,1541302554098.0,1.0,10.0,0.17427495580227959,8.0,4.0,0.5724286555892539
169.0,1541302553953.0,1541302554800.0,0.0,1.0,0.0,12.0,5.0,0.18705473352038718
170.0,1541302554015.0,1541302554975.0,1.0,4.0,0.4028685311304639,9.0,8.0,0.14864961503976837
171.0,1541302553751.0,1541302554366.0,1.0,4.0,0.1808178430825973,5.0,0.0,0.2329049570486694
172.0,1541302554112.0,1541302554599.0,1.0,8.0,0.0,0.0,5.0,0.3650753167467472
173.0,1541302553944.0,1541302554582.0,0.0,5.0,0.8489922845730096,7.0,9.0,0.2644261926925066
174.0,1541302553505.0,1541302553794.0,0.0,7.0,0.2268531639195966,4.0,7.0,0.001925009603323008
175.0,1541302554028.0,1541302554865.0,0.0,5.0,0.8478578811997793,7.0,3.0,0.4294323798091424
176.0,1541302553326.0,1541302553663.0,1.0,7.0,1.0,7.0,4.0,0.5409157167210119
177.0,1541302554350.0,1541302555169.0,0.0,7.0,0.2082352765383091,7.0,0.0,0.1046493830700298
178.0,1541302553936.0,1541302554643.0,1.0,2.0,0.18079708717486576,9.0,4.0,0.05091538037140636
179.0,1541302553059.0,1541302553598.0,0.0,4.0,0.0,8.0,1.0,0.42683042217932043
180.0,1541302553761.0,1541302554063.0,0.0,8.0,0.39987174237777434,2.0,3.0,0.06210517405437466
181.0,1541302554001.0,1541302554469.0,1.0,4.0,0.2771493410070607,11.0,8.0,0.2426032224651109
182.0,1541302554107.0,1541302554382.0,0.0,5.0,0.2597214895278707,10.0,4.0,0.40078884522110386
183.0,1541302553379.0,1541302554352.0,0.0,8.0,0.9498159818849785,6.0,1.0,0.0069326940852962315
184.0,1541302553933.0,1541302554432.0,1.0,8.0,0.4897824714598167,9.0,8.0,0.10523388529868762
185.0,1541302554092.0,1541302554871.0,1.0,7.0,1.0,11.0,6.0,0.2528804916452112
186.0,1541302553997.0,1541302554094.0,0.0,6.0,0.8959601212474801,3.0,5.0,0.19016448692744314
187.0,1541302553988.0,1541302554279.0,0.0,8.0,1.0,3.0,0.0,0.11185480856318908
188.0,1541302553066.0,1541302554105.0,0.0,2.0,1.0,3.0,8.0,0.46158650087167624
189.0,1541302554130.0,1541302554237.0,0.0,12.0,0.582811053966998,9.0,3.0,0.2637481262457769
190.0,1541302554063.0,1541302554370.0,0.0,4.0,0.758861170752442,7.0,0.0,0.016790573208878556
191.0,1541302553337.0,1541302553176.0,0.0,9.0,0.9269051571256098,7.0,1.0,0.15900626254380304
192.0,1541302553974.0,1541302554267.0,1.0,8.0,1.0,12.0,0.0,0.3849199652160304
193.0,1541302553445.0,1541302553271.0,0.0,1.0,0.5133058826809765,4.0,2.0,0.22987549007920594
194.0,1541302552968.0,1541302552749.0,1.0,2.0,0.06637663852624864,8.0,2.0,0.10588423197893189
195.0,1541302553508.0,1541302553713.0,1.0,4.0,0.0,8.0,4.0,0.4198375033099675
196.0,1541302553412.0,1541302552915.0,0.0,7.0,1.0,8.0,10.0,0.19917825359790037
197.0,1541302553302.0,1541302554244.0,1.0,11.0,1.0,8.0,2.0,0.16082788609323523
198.0,1541302553240.0,1541302553390.0,1.0,11.0,1.0,3.0,4.0,0.04146671301412849
199.0,1541302553346.0,1541302553571.0,1.0,7.0,1.0,7.0,3.0,0.3361917154452013
200.0,1541302553838.0,1541302554196.0,1.0,10.0,0.9196252180752567,9.0,0.0,0.33258159078966787
201.0,1541302554408.0,1541302554794.0,1.0,10.0,0.426598394301661,10.0,2.0,0.1740108450192693
202.0,1541302554553.0,1541302555432.0,0.0,6.0,1.0,6.0,6.0,0.41335206572878536
203.0,1541302553615.0,1541302554782.0,1.0,6.0,0.44703414119147583,13.0,2.0,0.2525084867959572
204.0,1541302553599.0,1541302554708.0,0.0,10.0,0.558911886991103,3.0,0.0,0.12256487624869988
205.0,1541302553168.0,1541302553151.0,1.0,11.0,0.8987107016405484,6.0,5.0,0.2990138461379699
206.0,1541302553666.0,1541302553534.0,1.0,6.0,0.5500466139937845,2.0,1.0,0.07408663565942267
207.0,1541302553687.0,1541302554564.0,0.0,8.0,0.6663555339705419,6.0,4.0,0.16236207683409443
208.0,1541302554339.0,1541302555075.0,1.0,8.0,0.5067353775224803,9.0,8.0,0.10143249939927768
209.0,1541302553724.0,1541302554521.0,1.0,7.0,0.89287312999855,6.0,0.0,0.3787292905368322
210.0,1541302554725.0,1541302555184.0,1.0,1.0,0.5964537653396487,3.0,7.0,0.5145802627655892
211.0,1541302553597.0,1541302554151.0,1.0,4.0,1.0,9.0,2.0,0.1798464727613056
212.0,1541302554250.0,1541302554489.0,1.0,5.0,0.4378493340804501,7.0,4.0,0.04050698106574108
213.0,1541302553911.0,1541302554468.0,1.0,6.0,0.0,7.0,3.0,0.62690309463002
214.0,1541302553132.0,1541302553621.0,1.0,5.0,1.0,8.0,2.0,0.36741078451316833
215.0,1541302553549.0,1541302553799.0,0.0,7.0,0.5702705919636318,6.0,4.0,0.325615676465858
216.0,1541302553900.0,1541302554461.0,0.0,8.0,0.6555647987708783,6.0,3.0,0.24370409856376352
217.0,1541302553573.0,1541302554468.0,0.0,5.0,0.0,10.0,5.0,0.5067202506619624
218.0,1541302553690.0,1541302553605.0,1.0,5.0,0.47501566366260095,8.0,2.0,0.3516021102231137
219.0,1541302553130.0,1541302553325.0,0.0,14.0,1.0,7.0,8.0,0.12014582033589703
220.0,1541302553785.0,1541302554469.0,1.0,3.0,0.8625564111543265,9.0,2.0,0.3458868559736951
221.0,1541302553239.0,1541302553477.0,1.0,10.0,1.0,7.0,11.0,0.22814542693192758
222.0,1541302553264.0,1541302553495.0,0.0,8.0,1.0,2.0,0.0,0.25858324263438925
223.0,1541302554080.0,1541302554805.0,0.0,6.0,1.0,12.0,5.0,0.44769805123184403
224.0,1541302554276.0,1541302555066.0,0.0,8.0,0.2817173987064504,3.0,5.0,0.7578569435855094
225.0,1541302553840.0,1541302554658.0,1.0,8.0,0.30705377725232597,6.0,2.0,0.5326733411131497
226.0,1541302553377.0,1541302554017.0,0.0,8.0,0.0,6.0,5.0,0.06910214182462102
227.0,1541302553393.0,1541302553704.0,1.0,4.0,0.32303202603173187,10.0,7.0,0.09031849776696477
228.0,1541302553435.0,1541302554490.0,1.0,1.0,0.5511456730671149,6.0,8.0,0.4621077738115805
229.0,1541302553384.0,1541302553624.0,1.0,6.0,0.4893579641280852,7.0,6.0,0.1883010373919073
230.0,1541302553083.0,1541302554161.0,0.0,6.0,0.0,7.0,0.0,0.3117192467837201
231.0,1541302553570.0,1541302554783.0,0.0,10.0,0.5777574074677333,8.0,3.0,0.09054938054568973
232.0,1541302553728.0,1541302553816.0,1.0,10.0,1.0,7.0,3.0,0.45390780339163356
233.0,1541302554113.0,1541302553641.0,1.0,6.0,0.02850189463355468,4.0,4.0,0.2470650000160755
234.0,1541302553281.0,1541302554104.0,0.0,11.0,0.3305016497452287,11.0,0.0,0.2023973431711932
235.0,1541302553930.0,1541302554287.0,1.0,5.0,0.4910872863311779,2.0,5.0,0.48919144587197283
236.0,1541302553213.0,1541302554130.0,1.0,9.0,0.22903381681023188,9.0,4.0,0.23955805071238487
237.0,1541302553744.0,1541302554086.0,1.0,9.0,0.5427959673950897,7.0,0.0,0.3766359693286624
238.0,1541302553741.0,1541302554103.0,0.0,2.0,0.4662671929689798,3.0,4.0,0.06314791183091945
239.0,1541302552866.0,1541302553642.0,1.0,9.0,0.03756314583843201,10.0,4.0,0.02056174833624702
240.0,1541302553542.0,1541302553802.0,1.0,6.0,0.5944764898732064,3.0,1.0,0.054496943621054894
241.0,1541302553968.0,1541302554464.0,1.0,9.0,0.736895185738834,5.0,3.0,0.07294327925414554
242.0,1541302553554.0,1541302553991.0,1.0,11.0,1.0,7.0,1.0,0.39000062910308153
243.0,1541302553340.0,1541302554248.0,1.0,9.0,0.9722654408267124,9.0,5.0,0.35921881516082216
244.0,1541302553278.0,1541302553886.0,1.0,5.0,1.0,5.0,7.0,0.37166440320147004
245.0,1541302553243.0,1541302553649.0,1.0,7.0,0.12935252932079433,7.0,1.0,0.059579519149513954
246.0,1541302553374.0,1541302553449.0,1.0,9.0,0.018618575214291444,9.0,10.0,0.24648012322289814
247.0,1541302553874.0,1541302554739.0,1.0,12.0,1.0,0.0,0.0,0.23745615469858922
248.0,1541302553882.0,1541302554487.0,0.0,4.0,1.0,5.0,10.0,0.35871605453411975
249.0,1541302554378.0,1541302554898.0,0.0,9.0,0.3143165122294654,2.0,2.0,0.2849651834554703
250.0,1541302554641.0,1541302554288.0,1.0,3.0,1.0,3.0,0.0,0.3612717482593912
251.0,1541302553771.0,1541302554899.0,0.0,4.0,0.7941218056716706,8.0,6.0,0.3412607827554577
252.0,1541302553321.0,1541302554606.0,0.0,7.0,0.5122126798816256,4.0,4.0,0.20599042039738746
253.0,1541302553289.0,1541302553835.0,1.0,4.0,0.5714000712011411,8.0,1.0,0.41067482910357
254.0,1541302553880.0,1541302554435.0,0.0,3.0,0.7025396802379911,7.0,5.0,0.21487676931174332
255.0,1541302554684.0,1541302554913.0,1.0,9.0,0.6509469973068284,5.0,6.0,0.0643185788699942
256.0,1541302554994.0,1541302555308.0,0.0,3.0,0.6317943248033737,13.0,4.0,0.1448180012304987
257.0,1541302554340.0,1541302554890.0,1.0,7.0,0.4486379799612811,4.0,1.0,0.3639277041444167
258.0,1541302553296.0,1541302553799.0,1.0,6.0,0.5877538614467583,11.0,2.0,0.3628466255602181
259.0,1541302553777.0,1541302554694.0,1.0,8.0,0.8765513999820167,7.0,3.0,0.652470706488175
260.0,1541302553429.0,1541302553549.0,1.0,14.0,1.0,7.0,12.0,0.47122057340580303
261.0,1541302553967.0,1541302553632.0,1.0,5.0,0.9135791118167395,9.0,1.0,0.0029548357550624738
262.0,1541302553597.0,1541302553910.0,0.0,6.0,0.6151174055021049,6.0,2.0,0.1621131709174866
263.0,1541302553833.0,1541302554308.0,1.0,3.0,1.0,8.0,1.0,0.13742073851926373
264.0,1541302553235.0,1541302553321.0,1.0,2.0,1.0,4.0,3.0,0.11782653791943454
265.0,1541302553592.0,1541302553835.0,1.0,7.0,0.0,9.0,1.0,0.2589056578114058
266.0,1541302554558.0,1541302555444.0,0.0,8.0,0.22482145462328829,2.0,2.0,0.2927438877994897
267.0,1541302554216.0,1541302555007.0,0.0,9.0,0.8885047671950149,4.0,4.0,0.15285115359049128
268.0,1541302553718.0,1541302554835.0,1.0,7.0,0.8642027312285446,4.0,1.0,0.7641365353444558
269.0,1541302553771.0,1541302555143.0,0.0,6.0,1.0,3.0,4.0,0.11662132331811711
270.0,1541302553674.0,1541302554594.0,1.0,2.0,1.0,6.0,0.0,0.041555747063901805
271.0,1541302553896.0,1541302554955.0,0.0,11.0,0.8799514880699346,5.0,6.0,0.14761871692059225
272.0,1541302554115.0,1541302555160.0,0.0,13.0,0.7334207877656482,2.0,0.0,0.4116295372407828
273.0,1541302554178.0,1541302554510.0,1.0,10.0,0.3853836613204483,9.0,0.0,0.2705371297870751
274.0,1541302553756.0,1541302554368.0,1.0,7.0,1.0,12.0,11.0,0.20145191937508464
275.0,1541302553578.0,1541302553294.0,1.0,5.0,0.0,12.0,3.0,0.12649915818239377
276.0,1541302553376.0,1541302553554.0,1.0,11.0,0.939520719329219,4.0,2.0,0.28780532816338444
277.0,1541302553280.0,1541302553892.0,1.0,10.0,0.6262790634542317,8.0,6.0,0.021421483429991783
278.0,1541302554211.0,1541302554499.0,0.0,5.0,1.0,7.0,1.0,0.09554240729771163
279.0,1541302553927.0,1541302553825.0,0.0,7.0,1.0,3.0,2.0,0.4296876129154528
280.0,1541302553348.0,1541302553796.0,1.0,6.0,0.22212139453333285,10.0,3.0,0.31210678994288893
281.0,1541302553406.0,1541302554352.0,0.0,4.0,0.0,9.0,4.0,0.5357126144355444
282.0,1541302553138.0,1541302553732.0,0.0,8.0,1.0,0.0,0.0,0.02744800719946966
283.0,1541302553468.0,1541302554078.0,1.0,3.0,0.45987041262546613,9.0,3.0,0.130450831564906
284.0,1541302553469.0,1541302554085.0,0.0,9.0,0.42209388543389026,3.0,7.0,0.2749526517059124
285.0,1541302553371.0,1541302554012.0,0.0,2.0,0.5948893135914735,9.0,0.0,0.08072877304934561
286.0,1541302553886.0,1541302553731.0,0.0,5.0,1.0,4.0,11.0,0.4343131546245173
287.0,1541302554118.0,1541302554740.0,1.0,7.0,0.3297244971415472,9.0,4.0,0.01958370265852613
288.0,1541302553482.0,1541302553773.0,0.0,4.0,0.4225550162997226,5.0,2.0,0.10576749145323956
289.0,1541302553968.0,1541302554042.0,1.0,9.0,0.9890988686891509,5.0,3.0,0.2559378908543509
290.0,1541302554035.0,1541302554686.0,0.0,6.0,0.838955857186239,12.0,8.0,0.07771809484356973
291.0,1541302554177.0,1541302554740.0,0.0,12.0,0.8466193589181128,8.0,2.0,0.05710911981972108
292.0,1541302553901.0,1541302554262.0,1.0,7.0,0.1898860481006005,12.0,2.0,0.39737130227025497
293.0,1541302553369.0,1541302553411.0,1.0,8.0,1.0,3.0,1.0,0.02338080085381264
294.0,1541302553504.0,1541302553609.0,1.0,5.0,0.0,4.0,6.0,0.18645733590445493
295.0,1541302553414.0,1541302553833.0,1.0,4.0,0.7181508596336437,11.0,0.0,0.6782721679272982
296.0,1541302553395.0,1541302553992.0,0.0,7.0,0.7637726960028395,10.0,0.0,0.5021938772207177
297.0,1541302553757.0,1541302553587.0,0.0,6.0,0.7222837709173946,7.0,4.0,0.2600182230367278
298.0,1541302554369.0,1541302554217.0,1.0,6.0,1.0,7.0,0.0,0.1973867466784511
299.0,1541302553690.0,1541302554433.0,0.0,9.0,1.0,3.0,3.0,0.21260177889393125
300.0,1541302554630.0,1541302555240.0,0.0,5.0,1.0,2.0,9.0,0.06562138528389116
301.0,1541302553261.0,1541302553329.0,1.0,9.0,0.7814676740463778,8.0,0.0,0.22373984106463138
302.0,1541302553845.0,1541302554798.0,1.0,7.0,0.40087215954980987,12.0,6.0,0.10043133808599564
303.0,1541302554132.0,1541302555080.0,0.0,5.0,0.27036021248638126,8.0,2.0,0.004914477839700171
304.0,1541302553655.0,1541302554826.0,1.0,1.0,1.0,3.0,1.0,0.2883495395041872
305.0,1541302554009.0,1541302554538.0,0.0,11.0,0.39516242483220637,4.0,5.0,0.16542082711376332
306.0,1541302553608.0,1541302553836.0,0.0,10.0,0.8798037373398635,11.0,7.0,0.6150568060309027
307.0,1541302553566.0,1541302554329.0,1.0,8.0,0.21463943196024432,4.0,9.0,0.23029271316640001
308.0,1541302554362.0,1541302555028.0,1.0,3.0,0.3783840341420722,8.0,9.0,0.1637676095264406
309.0,1541302553799.0,1541302554927.0,1.0,8.0,0.6006896829116938,2.0,1.0,0.0033547768167702385
310.0,1541302553505.0,1541302553734.0,1.0,9.0,1.0,8.0,1.0,0.5924235139634131
311.0,1541302553926.0,1541302555003.0,1.0,7.0,0.6499715177784451,7.0,1.0,0.4674188439143554
312.0,1541302553645.0,1541302554071.0,1.0,8.0,0.03286493544037494,5.0,0.0,0.08975758950679041
313.0,1541302553668.0,1541302554020.0,1.0,9.0,0.6108245620035546,4.0,3.0,0.3201469784232667
314.0,1541302554127.0,1541302554413.0,1.0,5.0,0.5569945482268505,9.0,7.0,0.14357063425552682
315.0,1541302553891.0,1541302554018.0,1.0,5.0,0.850946808227689,6.0,0.0,0.4520578822107532
316.0,1541302553870.0,1541302554619.0,0.0,3.0,1.0,3.0,2.0,0.4510604610260663
317.0,1541302553707.0,1541302553660.0,0.0,5.0,0.14001510423567287,1.0,0.0,0.00316125376067361
318.0,1541302554140.0,1541302554492.0,1.0,10.0,0.7790208983577536,11.0,0.0,0.028400840644254133
319.0,1541302553071.0,1541302553000.0,1.0,7.0,0.0,7.0,0.0,0.013373664077856284
320.0,1541302553397.0,1541302553530.0,0.0,9.0,1.0,11.0,2.0,0.06731127590177002
321.0,1541302553988.0,1541302554382.0,1.0,1.0,0.9788462073980269,7.0,2.0,0.34633143334197236
322.0,1541302554426.0,1541302555132.0,1.0,4.0,0.6737432165262569,7.0,0.0,0.17364778771616793
323.0,1541302553745.0,1541302554460.0,0.0,5.0,1.0,9.0,2.0,0.0010235331693259353
324.0,1541302554069.0,1541302554742.0,1.0,7.0,0.9584181956779714,4.0,0.0,0.37338900683797815
325.0,1541302554567.0,1541302554699.0,0.0,8.0,0.6160622379293094,8.0,3.0,0.1912286381247698
326.0,1541302553781.0,1541302554335.0,1.0,4.0,0.9286669009819077,8.0,1.0,0.26519322591245365
327.0,1541302553542.0,1541302554615.0,1.0,7.0,0.0,10.0,4.0,0.2899176034292416
328.0,1541302553753.0,1541302554369.0,1.0,6.0,0.6084949408613219,6.0,3.0,0.14977858376641306
329.0,1541302553851.0,1541302553656.0,1.0,6.0,1.0,13.0,4.0,0.48932838644942994
330.0,1541302552982.0,1541302553212.0,0.0,4.0,0.7569759772684239,10.0,5.0,0.45629554127075245
331.0,1541302553872.0,1541302553861.0,1.0,10.0,0.9347021347129285,6.0,1.0,0.35399796148376506
332.0,1541302552900.0,1541302553289.0,1.0,12.0,1.0,7.0,6.0,0.14114964049722373
333.0,1541302553996.0,1541302554588.0,0.0,6.0,1.0,4.0,3.0,0.27654935973115014
334.0,1541302553271.0,1541302553374.0,1.0,6.0,0.9664125807967867,12.0,11.0,0.11468461518161882
335.0,1541302553175.0,1541302553066.0,1.0,7.0,0.2671502402474456,7.0,5.0,0.07647942065162427
336.0,1541302554072.0,1541302555201.0,1.0,2.0,1.0,7.0,2.0,0.17065825133029344
337.0,1541302553944.0,1541302554478.0,0.0,5.0,0.37339867673871197,9.0,1.0,0.22476618715494776
338.0,1541302553764.0,1541302554471.0,1.0,9.0,0.4904733984920644,1.0,0.0,0.18972247069725368
339.0,1541302553331.0,1541302554534.0,0.0,9.0,1.0,8.0,11.0,0.21557164214434565
340.0,1541302553455.0,1541302553846.0,1.0,10.0,0.3134761359345644,4.0,8.0,0.14626003841651217
341.0,1541302554953.0,1541302555609.0,1.0,10.0,1.0,8.0,2.0,0.09729885651705095
342.0,1541302553945.0,1541302554903.0,0.0,2.0,0.5853936729054827,5.0,1.0,0.13171873352297148
343.0,1541302554227.0,1541302554729.0,1.0,6.0,0.0,12.0,2.0,0.18501939768439052
344.0,1541302553959.0,1541302553777.0,1.0,1.0,0.6421595081963108,5.0,1.0,0.13539192133129568
345.0,1541302553308.0,1541302554026.0,1.0,8.0,0.8488906885405484,5.0,2.0,0.1215351298626719
346.0,1541302554245.0,1541302554849.0,0.0,11.0,1.0,10.0,1.0,0.2627563289814872
347.0,1541302553125.0,1541302553832.0,0.0,7.0,0.8129529367395858,5.0,1.0,0.05233228820808758
348.0,1541302553219.0,1541302554064.0,1.0,4.0,0.2675627508281061,10.0,1.0,0.01601403693512185
349.0,1541302553488.0,1541302553687.0,1.0,0.0,1.0,8.0,6.0,0.22707952433508738
350.0,1541302553819.0,1541302554266.0,0.0,2.0,1.0,7.0,1.0,0.25824444275457736
351.0,1541302552735.0,1541302553176.0,1.0,12.0,0.1571028430325595,0.0,0.0,0.06748223596403644
352.0,1541302553293.0,1541302553929.0,1.0,8.0,0.7169304194033387,7.0,5.0,0.21672684101306167
353.0,1541302553191.0,1541302553657.0,1.0,0.0,0.0,3.0,1.0,0.09280202505109413
354.0,1541302554294.0,1541302554893.0,1.0,5.0,1.0,5.0,0.0,0.07257077698468914
355.0,1541302553545.0,1541302554385.0,1.0,5.0,0.0,3.0,5.0,0.42501776563587274
356.0,1541302553614.0,1541302554436.0,1.0,7.0,1.0,9.0,3.0,0.2974300787026955
357.0,1541302554057.0,1541302554084.0,1.0,9.0,0.0,6.0,1.0,0.11115729231559474
358.0,1541302553783.0,1541302554467.0,0.0,8.0,1.0,9.0,3.0,0.2592453455961218
359.0,1541302553729.0,1541302553986.0,0.0,11.0,0.8384562254455405,11.0,0.0,0.28698968324718616
360.0,1541302554007.0,1541302554223.0,1.0,11.0,0.4789474091519281,5.0,1.0,0.6855213106613545
361.0,1541302554412.0,1541302554976.0,1.0,6.0,1.0,6.0,3.0,0.040446931607223485
362.0,1541302554208.0,1541302554386.0,1.0,3.0,1.0,7.0,9.0,0.09820126737302413
363.0,1541302554103.0,1541302554369.0,0.0,6.0,0.7144355744585204,5.0,2.0,0.10587051250054026
364.0,1541302553702.0,1541302554046.0,1.0,11.0,0.4945087081861237,9.0,1.0,0.01929011731041319
365.0,1541302554003.0,1541302554830.0,1.0,12.0,0.3427587065388773,11.0,8.0,0.19962641917282942
366.0,1541302553140.0,1541302553629.0,0.0,7.0,0.9161875635703357,3.0,3.0,0.5302286446694275
367.0,1541302554091.0,1541302553954.0,1.0,5.0,0.27804283481934805,1.0,4.0,0.14083872279170503
368.0,1541302553271.0,1541302553287.0,1.0,5.0,0.11105830894415303,10.0,0.0,0.39017442375767186
369.0,1541302553995.0,1541302554544.0,1.0,12.0,0.7267853145516755,12.0,3.0,0.13022191113027792
370.0,1541302553926.0,1541302554890.0,0.0,8.0,0.08699304803065477,2.0,1.0,0.09192235042375943
371.0,1541302553418.0,1541302554200.0,1.0,4.0,1.0,2.0,2.0,0.42269545339702597
372.0,1541302553966.0,1541302554564.0,0.0,8.0,0.5215614127092247,6.0,9.0,0.21410346390632912
373.0,1541302553692.0,1541302553320.0,0.0,7.0,0.6044112411453024,5.0,7.0,0.11054971574204986
374.0,1541302553426.0,1541302553631.0,1.0,10.0,0.17321627279605534,10.0,8.0,0.12858123362856322
375.0,1541302553685.0,1541302553962.0,1.0,9.0,0.38073677415554363,7.0,3.0,0.16996541615689795
376.0,1541302554011.0,1541302554291.0,1.0,6.0,0.41069864087135444,4.0,4.0,0.028413841866900602
377.0,1541302554022.0,1541302554761.0,1.0,5.0,0.011852116572500404,7.0,3.0,0.4527584017257846
378.0,1541302553899.0,1541302555092.0,1.0,6.0,1.0,4.0,6.0,0.40450347640736506
379.0,1541302553480.0,1541302554070.0,1.0,2.0,1.0,8.0,7.0,0.22667964151621064
380.0,1541302553784.0,1541302554470.0,1.0,2.0,0.2802132857811258,6.0,7.0,0.15430306395965415
381.0,1541302552663.0,1541302552351.0,0.0,6.0,0.14469729418349597,3.0,6.0,0.0787649941895803
382.0,1541302553190.0,1541302553478.0,0.0,7.0,1.0,1.0,3.0,0.056179931548462014
383.0,1541302553584.0,1541302553687.0,1.0,8.0,1.0,8.0,1.0,0.03641874473104617
384.0,1541302553859.0,1541302554652.0,1.0,7.0,0.6031114655397712,10.0,1.0,0.22343475448471178
385.0,1541302553593.0,1541302554724.0,0.0,7.0,0.5090400331964694,9.0,1.0,0.33390947085874656
386.0,1541302552998.0,1541302553796.0,0.0,5.0,1.0,6.0,6.0,0.2852415106487259
387.0,1541302554306.0,1541302554516.0,0.0,10.0,1.0,3.0,1.0,0.08153249109371348
388.0,1541302553229.0,1541302552970.0,1.0,5.0,0.40966003509580434,9.0,2.0,0.06322878508788857
389.0,1541302553360.0,1541302554169.0,0.0,9.0,0.35730560820699353,4.0,3.0,0.02449368932275267
390.0,1541302553707.0,1541302553651.0,0.0,7.0,0.4259301801175545,7.0,1.0,0.25724784065459944
391.0,1541302553992.0,1541302554829.0,1.0,6.0,0.8453394215097505,6.0,3.0,0.1369137690633825
392.0,1541302553358.0,1541302553980.0,1.0,6.0,0.44184098334003774,11.0,4.0,0.24100380940518884
393.0,1541302553722.0,1541302554333.0,0.0,3.0,0.7735385543088785,7.0,1.0,0.0864506922086183
394.0,1541302553870.0,1541302553795.0,1.0,4.0,0.6848636274686243,7.0,2.0,0.33320906582660126
395.0,1541302554512.0,1541302554809.0,0.0,4.0,0.7812527437756506,4.0,2.0,0.4509105892994896
396.0,1541302554510.0,1541302554634.0,1.0,8.0,0.512022877529291,8.0,4.0,0.33623791961819627
397.0,1541302553669.0,1541302554147.0,1.0,9.0,0.04186075068936468,10.0,7.0,0.28209906631743276
398.0,1541302554799.0,1541302555539.0,1.0,5.0,0.0,7.0,1.0,0.38239428081312904
399.0,1541302553614.0,1541302554132.0,1.0,8.0,1.0,8.0,6.0,0.3825644633484276
400.0,1541302554279.0,1541302555064.0,0.0,3.0,0.41976513649569513,6.0,4.0,0.00735619855235764
401.0,1541302553398.0,1541302554432.0,1.0,8.0,1.0,11.0,4.0,0.10371487642024017
402.0,1541302553016.0,1541302553607.0,0.0,11.0,1.0,1.0,0.0,0.24313780874203067
403.0,1541302553929.0,1541302554938.0,1.0,4.0,0.6186882076981435,5.0,2.0,0.22696748245366954
404.0,1541302553730.0,1541302554600.0,1.0,5.0,1.0,3.0,8.0,0.050711769875280144
405.0,1541302553931.0,1541302554211.0,0.0,6.0,1.0,8.0,3.0,0.18253911551733434
406.0,1541302553788.0,1541302554605.0,1.0,11.0,0.5396487132247828,7.0,4.0,0.006661492363705224
407.0,1541302553875.0,1541302554214.0,0.0,10.0,0.5268734998737212,5.0,0.0,0.5365175615449171
408.0,1541302553117.0,1541302553198.0,0.0,10.0,0.6877195191894039,7.0,4.0,0.24520032856866888
409.0,1541302553803.0,1541302553833.0,0.0,12.0,0.21351899420497905,5.0,0.0,0.21714764306427853
410.0,1541302553728.0,1541302554527.0,0.0,1.0,0.23050559195322357,12.0,1.0,0.008892342756076616
411.0,1541302553871.0,1541302554257.0,1.0,6.0,0.9188182658709987,8.0,6.0,0.2155536932439206
412.0,1541302553652.0,1541302553900.0,0.0,2.0,0.6123472358770211,8.0,3.0,0.4705126717842901
413.0,1541302553805.0,1541302554530.0,0.0,8.0,0.6877909575672011,1.0,3.0,0.28755377355064204
414.0,1541302553519.0,1541302553723.0,1.0,8.0,0.5380827763107723,3.0,4.0,0.366380061818095
415.0,1541302554179.0,1541302554307.0,1.0,7.0,1.0,7.0,1.0,0.17290572131617823
416.0,1541302554184.0,1541302555191.0,0.0,11.0,0.6714263737935542,4.0,1.0,0.14981130299640577
417.0,1541302553568.0,1541302554054.0,1.0,11.0,0.5581917212815226,13.0,2.0,8.729940273149994e-05
418.0,1541302553294.0,1541302553478.0,1.0,2.0,0.14097431282822503,4.0,12.0,0.04646048952501797
419.0,1541302553957.0,1541302554923.0,1.0,5.0,0.14683791221386555,8.0,5.0,0.17060653528663297
420.0,1541302553552.0,1541302553660.0,1.0,6.0,1.0,5.0,6.0,0.1393301550830998
421.0,1541302552901.0,1541302554041.0,1.0,8.0,0.8456802477056867,2.0,2.0,0.4818116382992602
422.0,1541302553499.0,1541302554148.0,1.0,6.0,1.0,8.0,1.0,0.31112038138289
423.0,1541302553538.0,1541302554121.0,1.0,7.0,0.5490040292135558,7.0,5.0,0.04312838787545742
424.0,1541302553782.0,1541302553950.0,1.0,10.0,1.0,5.0,4.0,0.26402491506052644
425.0,1541302553790.0,1541302554253.0,0.0,8.0,0.7959686182030445,7.0,10.0,0.31648258821757275
426.0,1541302553915.0,1541302554399.0,1.0,5.0,0.8207111108962144,9.0,5.0,0.28722296189672886
427.0,1541302553151.0,1541302553645.0,1.0,5.0,0.24803368550022126,8.0,4.0,0.8745044804191224
428.0,1541302552759.0,1541302553968.0,1.0,5.0,0.9576528147759575,9.0,1.0,0.28859941542387535
429.0,1541302552985.0,1541302553108.0,1.0,6.0,0.6987323208576482,3.0,2.0,0.30842744548921885
430.0,1541302554054.0,1541302554607.0,0.0,12.0,1.0,5.0,0.0,0.4367805926454768
431.0,1541302553343.0,1541302555056.0,0.0,7.0,0.756485503582355,4.0,5.0,0.09121745072144814
432.0,1541302554145.0,1541302553866.0,1.0,3.0,0.8231082191779371,4.0,3.0,0.3736222641461022
433.0,1541302553607.0,1541302554673.0,1.0,8.0,1.0,5.0,8.0,0.12484791215063634
434.0,1541302554343.0,1541302555758.0,1.0,6.0,1.0,12.0,6.0,0.13320741129193892
435.0,1541302554021.0,1541302554011.0,1.0,9.0,1.0,4.0,11.0,0.06818412344167077
436.0,1541302553954.0,1541302555135.0,1.0,8.0,1.0,4.0,6.0,0.25291564822539453
437.0,1541302553924.0,1541302553713.0,1.0,5.0,1.0,4.0,1.0,0.6279899588412641
438.0,1541302553801.0,1541302553920.0,1.0,6.0,0.0,5.0,3.0,0.35127289521919125
439.0,1541302554381.0,1541302554959.0,1.0,9.0,0.14223306896840404,8.0,8.0,0.4118327738193309
440.0,1541302552972.0,1541302553741.0,1.0,6.0,0.7670825823306314,4.0,0.0,0.37847809468885396
441.0,1541302554109.0,1541302554493.0,0.0,4.0,0.9375264870048977,4.0,1.0,0.3426487535554039
442.0,1541302553792.0,1541302554584.0,0.0,5.0,0.47088050432663353,8.0,0.0,0.6315021397219414
443.0,1541302554094.0,1541302554894.0,1.0,12.0,0.6133006264706731,1.0,3.0,0.5292581136525951
444.0,1541302553747.0,1541302554377.0,1.0,3.0,1.0,5.0,1.0,0.16348766225659042
445.0,1541302553560.0,1541302554327.0,0.0,9.0,1.0,2.0,2.0,0.14528811759628935
446.0,1541302553861.0,1541302553749.0,0.0,13.0,0.0,15.0,0.0,0.02258086592886377
447.0,1541302553613.0,1541302554063.0,0.0,11.0,1.0,7.0,4.0,0.2595071853437074
448.0,1541302553579.0,1541302554283.0,1.0,7.0,1.0,8.0,5.0,0.11965374265158893
449.0,1541302553700.0,1541302554471.0,0.0,9.0,1.0,4.0,14.0,0.43605217134236474
450.0,1541302554570.0,1541302554673.0,1.0,6.0,0.9648035650852657,6.0,1.0,0.14172536798322655
451.0,1541302554152.0,1541302554802.0,0.0,4.0,0.993466498976767,9.0,1.0,0.17822472183129726
452.0,1541302553260.0,1541302553335.0,1.0,9.0,0.7206604547116056,3.0,0.0,0.36795338275924555
453.0,1541302553152.0,1541302553617.0,0.0,7.0,0.6526145860158792,7.0,0.0,0.6234886060130238
454.0,1541302553541.0,1541302553981.0,0.0,4.0,0.8738052201091716,4.0,0.0,0.3367246819509141
455.0,1541302553846.0,1541302554702.0,1.0,5.0,0.29892137750219844,6.0,0.0,0.2826823326830004
456.0,1541302553975.0,1541302554844.0,0.0,12.0,0.0,4.0,1.0,0.2290483282210366
457.0,1541302552984.0,1541302553085.0,0.0,11.0,0.42206283145657475,3.0,2.0,0.2877040029033925
458.0,1541302553574.0,1541302554706.0,1.0,2.0,0.9971393838126037,5.0,2.0,0.27424184320837847
459.0,1541302553847.0,1541302554811.0,1.0,1.0,0.33225792686063355,10.0,0.0,0.32269315468279297
460.0,1541302553220.0,1541302553405.0,1.0,1.0,1.0,6.0,0.0,0.10557611674483686
461.0,1541302553770.0,1541302553961.0,1.0,7.0,0.35239927982472014,6.0,1.0,0.27904568123879087
462.0,1541302553318.0,1541302553334.0,1.0,3.0,0.7061326287871195,7.0,1.0,0.1718981845988969
463.0,1541302554227.0,1541302553875.0,1.0,3.0,1.0,8.0,3.0,0.1383958957348394
464.0,1541302553552.0,1541302554657.0,1.0,9.0,1.0,11.0,3.0,0.3390087340963859
465.0,1541302553671.0,1541302554672.0,0.0,10.0,1.0,5.0,3.0,0.02749665101712892
466.0,1541302553720.0,1541302553537.0,1.0,8.0,1.0,6.0,7.0,0.14688698119438942
467.0,1541302553934.0,1541302554336.0,1.0,5.0,1.0,8.0,3.0,0.15681356234265995
468.0,1541302553366.0,1541302554229.0,0.0,5.0,0.045967247765722696,4.0,2.0,0.5298659704915825
469.0,1541302553423.0,1541302554513.0,1.0,6.0,0.8216043854853265,10.0,3.0,0.38702410103436125
470.0,1541302553600.0,1541302554608.0,1.0,2.0,1.0,6.0,2.0,0.0542727525220337
471.0,1541302553472.0,1541302553738.0,1.0,5.0,0.11759068841017228,5.0,7.0,0.29337932573960923
472.0,1541302553327.0,1541302554279.0,1.0,11.0,0.456236801597524,6.0,9.0,0.18782681519505218
473.0,1541302553419.0,1541302553973.0,1.0,5.0,1.0,5.0,0.0,0.6401845591095034
474.0,1541302552828.0,1541302552214.0,0.0,9.0,0.8605708540045433,8.0,6.0,0.46280459644011374
475.0,1541302553616.0,1541302554036.0,1.0,13.0,0.09729571268471282,5.0,1.0,0.019816419979106048
476.0,1541302553940.0,1541302554078.0,0.0,5.0,1.0,11.0,12.0,0.18611996816390425
477.0,1541302554009.0,1541302554301.0,0.0,4.0,0.6978753097136722,8.0,6.0,0.36371463628984474
478.0,1541302553669.0,1541302554649.0,1.0,7.0,0.6584971546443201,2.0,0.0,0.0037721117310845764
479.0,1541302553901.0,1541302554421.0,1.0,3.0,0.33060829537028075,4.0,0.0,0.08900884541466486
480.0,1541302554290.0,1541302554613.0,1.0,12.0,0.4536900903280636,8.0,0.0,0.098248618885732
481.0,1541302553250.0,1541302553850.0,0.0,6.0,0.0,10.0,7.0,0.36559382261447837
482.0,1541302553758.0,1541302554186.0,1.0,7.0,1.0,7.0,1.0,0.1817905597105047
483.0,1541302553624.0,1541302554359.0,0.0,8.0,0.12623681987123359,6.0,1.0,0.061971770011544
484.0,1541302553573.0,1541302553851.0,1.0,4.0,1.0,10.0,4.0,0.2586936382133691
485.0,1541302554095.0,1541302554332.0,1.0,3.0,0.5507784637717916,6.0,2.0,0.39238170113353577
486.0,1541302553496.0,1541302553783.0,1.0,2.0,1.0,4.0,5.0,0.2569038023642573
487.0,1541302553273.0,1541302554376.0,1.0,3.0,0.4860691549059405,8.0,5.0,0.18737113321587742
488.0,1541302554040.0,1541302555085.0,1.0,7.0,0.8815260784643987,5.0,4.0,0.5613583922798573
489.0,1541302553916.0,1541302555090.0,0.0,4.0,0.7710488581930575,1.0,8.0,0.3869432635484645
490.0,1541302553833.0,1541302554482.0,1.0,6.0,0.0,8.0,1.0,0.261233523509697
491.0,1541302553816.0,1541302554183.0,0.0,4.0,0.683256590859175,4.0,2.0,0.0978155082099925
492.0,1541302553938.0,1541302554257.0,1.0,10.0,0.6467191176588983,10.0,4.0,0.14386077890642207
493.0,1541302553249.0,1541302553373.0,1.0,8.0,1.0,11.0,6.0,0.1492246554542741
494.0,1541302553480.0,1541302553988.0,1.0,3.0,1.0,5.0,1.0,0.2255437378705608
495.0,1541302553129.0,1541302553883.0,1.0,2.0,1.0,9.0,4.0,0.5141971783854076
496.0,1541302553576.0,1541302553741.0,1.0,5.0,0.8936770379150831,3.0,6.0,0.297627460451264
497.0,1541302553415.0,1541302553815.0,1.0,9.0,0.9754843243630489,5.0,1.0,0.04764943037214858
498.0,1541302554040.0,1541302554583.0,1.0,5.0,0.19720631656968002,7.0,6.0,0.2344812259119912
499.0,1541302553748.0,1541302554216.0,1.0,9.0,0.943263713694501,3.0,3.0,0.213405462472741
500.0,1541302553943.0,1541302554635.0,1.0,7.0,0.9360358125564876,9.0,4.0,0.11737559739606654
501.0,1541302553759.0,1541302553261.0,1.0,8.0,0.6510257979850683,8.0,6.0,0.43636972895161424
502.0,1541302554088.0,1541302554946.0,0.0,7.0,0.5268952006539407,6.0,2.0,0.36300595699277505
503.0,1541302552984.0,1541302553590.0,0.0,5.0,0.16843448850314335,11.0,0.0,0.19809067016051
504.0,1541302553513.0,1541302554401.0,1.0,5.0,0.9846332963811602,6.0,1.0,0.07528782919375382
505.0,1541302552795.0,1541302553186.0,0.0,3.0,0.5933502679392778,5.0,9.0,0.35128198089404017
506.0,1541302553536.0,1541302554570.0,1.0,2.0,1.0,6.0,4.0,0.26699006311439377
507.0,1541302553975.0,1541302553893.0,1.0,7.0,1.0,10.0,0.0,0.10266028985632349
508.0,1541302554176.0,1541302554352.0,1.0,9.0,0.6054262058325388,1.0,6.0,0.07962329637564275
509.0,1541302553627.0,1541302554435.0,1.0,11.0,0.8973403533841735,4.0,2.0,0.14143576743744762
510.0,1541302553892.0,1541302555256.0,1.0,8.0,0.1376347672114555,6.0,1.0,0.32939207960345207
511.0,1541302552920.0,1541302553336.0,1.0,6.0,1.0,4.0,2.0,0.057376034143705124
512.0,1541302553578.0,1541302553593.0,1.0,5.0,1.0,8.0,4.0,0.504792160025344
513.0,1541302553098.0,1541302553720.0,1.0,5.0,0.4899175432513839,3.0,10.0,0.10700929580481142
514.0,1541302553867.0,1541302553930.0,1.0,2.0,0.6326349234336665,1.0,0.0,0.14386443055257148
515.0,1541302553253.0,1541302553494.0,1.0,5.0,0.6477575860408785,3.0,3.0,0.21148692393436536
516.0,1541302553663.0,1541302554423.0,1.0,10.0,0.3719603975547375,9.0,2.0,0.7481681709315942
517.0,1541302553181.0,1541302553828.0,1.0,3.0,1.0,4.0,1.0,0.11220624898945031
518.0,1541302553632.0,1541302553910.0,1.0,5.0,0.5366218801904217,6.0,1.0,0.14465839478897044
519.0,1541302553806.0,1541302554971.0,0.0,8.0,1.0,3.0,5.0,0.4859587497544267
520.0,1541302553626.0,1541302553941.0,1.0,4.0,0.30745196852599377,6.0,6.0,0.09161195337876354
521.0,1541302554099.0,1541302554326.0,1.0,7.0,0.9828581669106236,7.0,14.0,0.15343012416154606
522.0,1541302553697.0,1541302553791.0,1.0,11.0,0.6070529656088889,2.0,5.0,0.47435580386101583
523.0,1541302554073.0,1541302553737.0,0.0,13.0,0.33734131701884007,7.0,0.0,0.029789861477474394
524.0,1541302553645.0,1541302554738.0,1.0,4.0,0.35069452998621037,5.0,1.0,0.3225606379656998
525.0,1541302553808.0,1541302554607.0,1.0,5.0,0.7581772069900576,3.0,5.0,0.4920668933851736
526.0,1541302553788.0,1541302554436.0,0.0,6.0,1.0,9.0,5.0,0.192832940351255
527.0,1541302554130.0,1541302554194.0,0.0,8.0,0.6903829021175091,5.0,2.0,0.3450984775061451
528.0,1541302553228.0,1541302553833.0,1.0,8.0,0.28224663888086365,5.0,5.0,0.13711974594866344
529.0,1541302553837.0,1541302554357.0,0.0,7.0,0.8784990369326007,3.0,4.0,0.13077372435202195
530.0,1541302554063.0,1541302555279.0,1.0,6.0,0.3134052559129573,4.0,10.0,0.4255839378927153
531.0,1541302554044.0,1541302554644.0,1.0,9.0,0.0,9.0,2.0,0.517788487204615
532.0,1541302553219.0,1541302554328.0,1.0,6.0,0.0,8.0,7.0,0.3983097844577392
533.0,1541302553454.0,1541302554110.0,1.0,7.0,0.13273243200824403,8.0,0.0,0.09290316154240166
534.0,1541302553282.0,1541302554872.0,1.0,3.0,0.40162926280494077,3.0,1.0,0.2945380956225159
535.0,1541302554359.0,1541302554474.0,0.0,5.0,0.23152320498709655,6.0,2.0,0.18594168050791143
536.0,1541302553797.0,1541302554099.0,1.0,1.0,0.3731845605716643,5.0,5.0,0.25677558171529674
537.0,1541302553579.0,1541302554061.0,0.0,5.0,0.895471804936501,6.0,2.0,0.07620470923110644
538.0,1541302554504.0,1541302554891.0,0.0,6.0,0.2814734834842857,3.0,3.0,0.055612654797146666
539.0,1541302553477.0,1541302554313.0,0.0,2.0,0.7539460760903175,8.0,0.0,0.40684012500023725
540.0,1541302553179.0,1541302553631.0,1.0,5.0,0.5267490513563831,7.0,1.0,0.2624206281385845
541.0,1541302553608.0,1541302553980.0,0.0,11.0,0.417879641354152,4.0,4.0,0.28360725996438113
542.0,1541302553992.0,1541302554523.0,0.0,4.0,0.6431236587926829,7.0,1.0,0.5726283302055905
543.0,1541302554249.0,1541302554119.0,0.0,5.0,0.0804712366286332,11.0,0.0,0.37113156883151144
544.0,1541302553400.0,1541302554136.0,1.0,5.0,1.0,2.0,3.0,0.34364273818547186
545.0,1541302553334.0,1541302553303.0,0.0,6.0,0.9870175646318028,9.0,1.0,0.3482907139431043
546.0,1541302553617.0,1541302554686.0,1.0,8.0,0.20032890999650188,7.0,5.0,0.49916318536440873
547.0,1541302554021.0,1541302554778.0,0.0,8.0,0.8590769456841779,8.0,4.0,0.38863039907155805
548.0,1541302553514.0,1541302553434.0,0.0,7.0,1.0,7.0,1.0,0.18594792854733241
549.0,1541302553606.0,1541302555342.0,1.0,7.0,0.28775308099032837,5.0,2.0,0.23632779553263447
550.0,1541302553462.0,1541302553751.0,0.0,7.0,0.4586681064022947,8.0,5.0,0.10033194418718082
551.0,1541302553237.0,1541302553932.0,0.0,11.0,0.77657978606676,9.0,3.0,0.12683753295244998
552.0,1541302554156.0,1541302555022.0,0.0,7.0,0.39976573616879424,10.0,1.0,0.24267834139779776
553.0,1541302553113.0,1541302553900.0,1.0,3.0,0.9122725656377042,4.0,1.0,0.3088675519149999
554.0,1541302553469.0,1541302553831.0,1.0,9.0,1.0,9.0,5.0,0.29117381989295893
555.0,1541302553665.0,1541302554204.0,0.0,6.0,0.735101876735362,7.0,0.0,0.010899736290377049
556.0,1541302554062.0,1541302554621.0,1.0,8.0,0.10060386837737201,10.0,6.0,0.0489181487441567
557.0,1541302554083.0,1541302554493.0,1.0,7.0,0.5272488891040024,7.0,0.0,0.021171083119712802
558.0,1541302553696.0,1541302554225.0,1.0,3.0,0.5266110836594106,13.0,5.0,0.17708575169110546
559.0,1541302553397.0,1541302554083.0,0.0,11.0,0.7153589900135436,4.0,8.0,0.5913650747593315
560.0,1541302553626.0,1541302554604.0,0.0,3.0,1.0,4.0,0.0,0.07268146356769761
561.0,1541302554448.0,1541302554768.0,1.0,10.0,1.0,1.0,0.0,0.6211458495668056
562.0,1541302553601.0,1541302554297.0,1.0,3.0,1.0,11.0,0.0,0.3237689552304691
563.0,1541302553382.0,1541302553410.0,1.0,4.0,0.4947831082384847,7.0,1.0,0.48142559044825617
564.0,1541302553986.0,1541302554361.0,0.0,4.0,0.7618873437458991,7.0,3.0,0.13948084989857976
565.0,1541302553320.0,1541302553579.0,0.0,12.0,0.48384168549634166,3.0,10.0,0.29839717009931815
566.0,1541302554173.0,1541302554367.0,0.0,4.0,0.8676537828540128,3.0,5.0,0.2130697428998215
567.0,1541302553560.0,1541302554369.0,1.0,7.0,0.5787641663450553,7.0,1.0,0.36145531655496704
568.0,1541302553125.0,1541302554246.0,1.0,4.0,0.8907919217462755,5.0,0.0,0.08608087649632144
569.0,1541302553349.0,1541302554251.0,1.0,1.0,1.0,7.0,2.0,0.22979071080460498
570.0,1541302553461.0,1541302553799.0,1.0,8.0,0.6204239175350114,6.0,0.0,0.1264621989244109
571.0,1541302553562.0,1541302553630.0,0.0,11.0,1.0,7.0,0.0,0.21716429741330556
572.0,1541302553429.0,1541302554507.0,1.0,8.0,0.8016034896547167,3.0,2.0,0.15436683167807175
573.0,1541302553505.0,1541302554269.0,1.0,6.0,1.0,7.0,7.0,0.0164012231010294
574.0,1541302553834.0,1541302553995.0,0.0,6.0,0.766671207892885,5.0,3.0,0.26490360337255564
575.0,1541302553260.0,1541302554311.0,1.0,9.0,0.6905205080958933,13.0,1.0,0.22227635456213504
576.0,1541302553873.0,1541302554295.0,1.0,4.0,0.47413400493160673,7.0,1.0,0.2694236446432537
577.0,1541302552915.0,1541302553040.0,0.0,7.0,0.8837917585706081,11.0,7.0,0.016889523368094267
578.0,1541302553819.0,1541302554254.0,0.0,7.0,0.0,3.0,3.0,0.28856534111779764
579.0,1541302553427.0,1541302554387.0,1.0,7.0,0.7353980581641335,7.0,7.0,0.6835893352715037
580.0,1541302553510.0,1541302554197.0,1.0,12.0,1.0,4.0,6.0,0.1019858922264442
581.0,1541302553210.0,1541302553681.0,1.0,4.0,0.45092805531385105,10.0,0.0,0.2309250150729604
582.0,1541302553780.0,1541302554631.0,1.0,2.0,1.0,6.0,7.0,0.5329381960699475
583.0,1541302553017.0,1541302553160.0,1.0,9.0,0.9700341356939081,5.0,7.0,0.15765258217532024
584.0,1541302553832.0,1541302553828.0,1.0,6.0,1.0,10.0,2.0,0.32087772558676664
585.0,1541302552953.0,1541302553274.0,0.0,7.0,0.6319844849074931,11.0,0.0,0.30812697983870946
586.0,1541302553917.0,1541302554178.0,0.0,2.0,0.12895331178373048,6.0,0.0,0.3056859226564716
587.0,1541302553496.0,1541302553264.0,0.0,1.0,0.1345642759783765,7.0,4.0,0.02548484321825728
588.0,1541302554161.0,1541302555220.0,1.0,13.0,0.9745987212260739,7.0,1.0,0.34339665676809883
589.0,1541302553523.0,1541302554300.0,1.0,0.0,0.8679417250005244,6.0,5.0,0.1342943034655782
590.0,1541302554312.0,1541302554155.0,0.0,10.0,0.47089719236394223,11.0,5.0,0.010212638541662766
591.0,1541302553499.0,1541302553163.0,0.0,7.0,1.0,8.0,6.0,0.19994911151325806
592.0,1541302553492.0,1541302553868.0,0.0,4.0,0.6570410173511093,13.0,9.0,0.3401098178326011
593.0,1541302553608.0,1541302554290.0,0.0,8.0,1.0,7.0,2.0,0.041549647030975384
594.0,1541302552812.0,1541302553124.0,1.0,6.0,0.5543718986617341,12.0,9.0,0.3338041651592816
595.0,1541302552508.0,1541302552694.0,0.0,7.0,0.717698186565364,10.0,5.0,0.29346288318729435
596.0,1541302553454.0,1541302554403.0,0.0,10.0,1.0,10.0,3.0,0.1502245318129264
597.0,1541302553389.0,1541302554345.0,1.0,10.0,0.7472314613641815,3.0,0.0,0.43449306261836623
598.0,1541302553882.0,1541302554782.0,1.0,2.0,1.0,4.0,6.0,0.004995225835735917
599.0,1541302554269.0,1541302554860.0,1.0,7.0,0.9915188532951422,12.0,4.0,0.06974798982409189
600.0,1541302553366.0,1541302554064.0,1.0,8.0,0.7816691000130016,6.0,8.0,0.4602038732208925
601.0,1541302553031.0,1541302553667.0,0.0,7.0,0.7639579334310842,6.0,6.0,0.31109528782935697
602.0,1541302553748.0,1541302553532.0,0.0,5.0,0.6199653700191493,5.0,0.0,0.08219160247567603
603.0,1541302554173.0,1541302555018.0,1.0,6.0,1.0,3.0,8.0,0.20604672885138023
604.0,1541302554061.0,1541302554124.0,1.0,6.0,0.09627091477365468,4.0,0.0,0.045388518896145424
605.0,1541302554039.0,1541302554709.0,1.0,9.0,1.0,8.0,7.0,0.5195348053529043
606.0,1541302554126.0,1541302554228.0,0.0,11.0,0.4911954567161454,8.0,5.0,0.39905485733762763
607.0,1541302553487.0,1541302553691.0,1.0,6.0,1.0,5.0,1.0,0.373674536562443
608.0,1541302554079.0,1541302554595.0,0.0,4.0,1.0,5.0,1.0,0.06921730786404501
609.0,1541302553630.0,1541302554554.0,0.0,10.0,0.507624154537195,10.0,1.0,0.36377313099506736
610.0,1541302553652.0,1541302553925.0,0.0,8.0,1.0,14.0,2.0,0.2691675455628009
611.0,1541302553905.0,1541302554404.0,1.0,5.0,0.37911943125156505,7.0,1.0,0.4608064270286644
612.0,1541302553775.0,1541302554036.0,1.0,2.0,0.9742220444901912,12.0,0.0,0.11599286045420466
613.0,1541302553588.0,1541302554341.0,1.0,4.0,0.8459708500586631,6.0,3.0,0.46746593399479647
614.0,1541302554081.0,1541302554930.0,1.0,1.0,1.0,6.0,10.0,0.2612713789108163
615.0,1541302553956.0,1541302554763.0,1.0,12.0,1.0,8.0,1.0,0.04788279472235846
616.0,1541302554398.0,1541302554663.0,0.0,6.0,1.0,8.0,0.0,0.08575320027672817
617.0,1541302554015.0,1541302554338.0,1.0,11.0,0.38267844082043695,4.0,1.0,0.48480646069871786
618.0,1541302554035.0,1541302554151.0,0.0,8.0,0.6539236020674872,6.0,9.0,0.25689500473775134
619.0,1541302553456.0,1541302553917.0,0.0,7.0,0.45556529223292985,8.0,1.0,0.08744697698249942
620.0,1541302554307.0,1541302555483.0,0.0,8.0,0.878495781751021,7.0,1.0,0.12839500294628708
621.0,1541302552521.0,1541302553142.0,1.0,3.0,0.7004549250685453,11.0,8.0,0.3301471344363638
622.0,1541302553989.0,1541302554571.0,0.0,6.0,0.11074484810302432,4.0,6.0,0.2635624841356032
623.0,1541302553092.0,1541302553994.0,1.0,3.0,0.8790769623023229,9.0,4.0,0.07420020843432917
624.0,1541302553325.0,1541302554208.0,1.0,11.0,1.0,9.0,3.0,0.014446779043085833
625.0,1541302553618.0,1541302554038.0,1.0,5.0,0.0910647952819138,7.0,1.0,0.12606579327608086
626.0,1541302554163.0,1541302554185.0,1.0,4.0,0.7003614965802734,8.0,2.0,0.06899007253421024
627.0,1541302553468.0,1541302553734.0,1.0,10.0,1.0,8.0,3.0,0.1454146331580533
628.0,1541302554198.0,1541302554929.0,1.0,8.0,0.0,2.0,2.0,0.48980976283259703
629.0,1541302553927.0,1541302554344.0,0.0,8.0,1.0,6.0,1.0,0.14244835839771383
630.0,1541302553409.0,1541302554070.0,0.0,4.0,0.7478658569366151,5.0,4.0,0.11264556954919379
631.0,1541302553658.0,1541302554461.0,1.0,8.0,0.30750904126812895,11.0,7.0,0.09823158995313007
632.0,1541302553897.0,1541302554649.0,1.0,6.0,0.8371868988130513,8.0,1.0,0.207239409879457
633.0,1541302553862.0,1541302554219.0,0.0,4.0,0.5304957259056428,0.0,3.0,0.557609728556945
634.0,1541302554350.0,1541302554742.0,1.0,5.0,0.46663673216147106,7.0,2.0,0.369405573613063
635.0,1541302553832.0,1541302554268.0,0.0,7.0,0.5368977747248473,8.0,0.0,0.23674810679636515
636.0,1541302553091.0,1541302553504.0,0.0,4.0,0.40826752483990186,3.0,2.0,0.18842138437682124
637.0,1541302553686.0,1541302554427.0,0.0,5.0,0.4100783062545803,9.0,4.0,0.27682609632009975
638.0,1541302553524.0,1541302553904.0,1.0,6.0,0.0,9.0,6.0,0.6163163559108826
639.0,1541302553602.0,1541302554589.0,1.0,5.0,0.5684234686332321,5.0,8.0,0.1487152457487941
640.0,1541302552955.0,1541302553147.0,1.0,7.0,0.4489466274204659,8.0,2.0,0.18832051498416774
641.0,1541302553296.0,1541302553787.0,0.0,6.0,0.12277307678877203,1.0,9.0,0.27115720131733606
642.0,1541302554173.0,1541302555085.0,0.0,5.0,0.3888482649922994,10.0,0.0,0.17236377847148163
643.0,1541302553839.0,1541302553950.0,1.0,7.0,0.6506818751292623,3.0,1.0,0.2565946181114617
644.0,1541302553444.0,1541302554172.0,1.0,7.0,0.0,8.0,0.0,0.0921601440741393
645.0,1541302553683.0,1541302554479.0,1.0,3.0,0.3078784788667012,1.0,5.0,0.031902644968127086
646.0,1541302553684.0,1541302554577.0,0.0,9.0,0.8448961351364566,8.0,0.0,0.22004009288214965
647.0,1541302553626.0,1541302554094.0,1.0,7.0,0.22728307769064882,7.0,6.0,0.09578756564422278
648.0,1541302553239.0,1541302554511.0,0.0,8.0,0.7229638864599153,5.0,1.0,0.6133687670478483
649.0,1541302553378.0,1541302553805.0,0.0,9.0,0.7267786808920068,5.0,5.0,0.12511675121150656
650.0,1541302553477.0,1541302553565.0,1.0,8.0,0.7984778555166041,7.0,2.0,0.37760456684102256
651.0,1541302553400.0,1541302554072.0,1.0,3.0,0.38502595212610335,10.0,6.0,0.1963133448186306
652.0,1541302554208.0,1541302554731.0,1.0,8.0,0.47171870299183255,8.0,5.0,0.22931369246598565
653.0,1541302554106.0,1541302554528.0,0.0,3.0,0.0,7.0,9.0,0.01563353060270764
654.0,1541302553882.0,1541302554625.0,1.0,1.0,0.5105505906503761,1.0,2.0,0.14559304910565474
655.0,1541302553942.0,1541302554440.0,1.0,4.0,1.0,2.0,1.0,0.438682851393546
656.0,1541302553769.0,1541302554634.0,1.0,1.0,0.73332446465216,6.0,7.0,0.520557320011534
657.0,1541302552871.0,1541302553140.0,0.0,7.0,0.11576344677153316,5.0,9.0,0.057085676367620825
658.0,1541302553733.0,1541302554790.0,1.0,1.0,1.0,5.0,6.0,0.2199607366065563
659.0,1541302553634.0,1541302554523.0,0.0,8.0,0.9911245037625538,7.0,1.0,0.418784557483028
660.0,1541302553949.0,1541302553821.0,1.0,5.0,0.8419453119070948,6.0,1.0,0.3505871829775544
661.0,1541302554024.0,1541302554510.0,1.0,10.0,0.7134238877842677,4.0,1.0,0.4816682002121524
662.0,1541302552931.0,1541302553645.0,1.0,10.0,0.38604197039390387,9.0,5.0,0.09191261605921619
663.0,1541302552833.0,1541302554055.0,0.0,4.0,1.0,5.0,7.0,0.3278029040748509
664.0,1541302553389.0,1541302553314.0,0.0,11.0,0.005924310749398809,6.0,0.0,0.3378768529988274
665.0,1541302553355.0,1541302554187.0,0.0,9.0,0.7631709395278319,4.0,2.0,0.019187449012439017
666.0,1541302553552.0,1541302554073.0,1.0,6.0,0.36272174718253536,3.0,2.0,0.5783238337947724
667.0,1541302553614.0,1541302554019.0,0.0,7.0,1.0,9.0,1.0,0.36612716818710733
668.0,1541302554013.0,1541302554157.0,0.0,4.0,0.8714746943802951,5.0,5.0,0.2596519837454671
669.0,1541302554433.0,1541302555694.0,1.0,9.0,1.0,10.0,1.0,0.4844564051419619
670.0,1541302553937.0,1541302554817.0,1.0,7.0,0.4343483034576524,3.0,3.0,0.17112675420245033
671.0,1541302553236.0,1541302554059.0,1.0,5.0,0.0,2.0,1.0,0.01903188515400528
672.0,1541302553523.0,1541302554369.0,1.0,4.0,1.0,11.0,9.0,0.2881447403399762
673.0,1541302553677.0,1541302554262.0,0.0,2.0,0.7395001220354407,10.0,0.0,0.024511879148302385
674.0,1541302553438.0,1541302553959.0,1.0,5.0,0.0,10.0,3.0,0.44549016369354866
675.0,1541302553466.0,1541302553696.0,1.0,9.0,0.8959427189567464,2.0,0.0,0.3314611515792232
676.0,1541302553638.0,1541302553949.0,0.0,8.0,0.1893555654887813,6.0,0.0,0.21874205915754646
677.0,1541302553715.0,1541302554399.0,1.0,5.0,0.7892015772137482,7.0,3.0,0.1168607557119716
678.0,1541302553302.0,1541302553704.0,1.0,7.0,0.6329467861858994,9.0,2.0,0.29172924592520744
679.0,1541302553323.0,1541302553428.0,0.0,7.0,0.5588758966653937,4.0,0.0,0.163621933116804
680.0,1541302553270.0,1541302553700.0,1.0,9.0,0.7526320200141604,7.0,5.0,0.18027712691359307
681.0,1541302553618.0,1541302553337.0,1.0,4.0,0.6164938376974104,2.0,4.0,0.03880569526401351
682.0,1541302553720.0,1541302553714.0,1.0,4.0,1.0,8.0,0.0,0.44936342303020205
683.0,1541302553147.0,1541302553671.0,0.0,5.0,0.40114789098247133,11.0,9.0,0.3114338342638146
684.0,1541302552777.0,1541302553719.0,1.0,9.0,1.0,4.0,9.0,0.37714620958825706
685.0,1541302553652.0,1541302554624.0,1.0,8.0,0.6456109289294647,11.0,1.0,0.19031658341678698
686.0,1541302553231.0,1541302553468.0,1.0,3.0,1.0,3.0,1.0,0.5649660328755359
687.0,1541302553362.0,1541302553939.0,1.0,7.0,0.3255887138974065,8.0,1.0,0.08998967929598654
688.0,1541302553375.0,1541302554202.0,0.0,10.0,0.40833669898013913,9.0,4.0,0.3443070917099806
689.0,1541302552932.0,1541302553065.0,0.0,4.0,0.7157456924586743,6.0,0.0,0.06619672461709661
690.0,1541302553442.0,1541302553435.0,1.0,6.0,0.08089590886172304,4.0,7.0,0.27343705533471535
691.0,1541302553733.0,1541302554201.0,0.0,2.0,0.34922695957918637,4.0,0.0,0.5860265016771793
692.0,1541302553247.0,1541302553747.0,1.0,10.0,0.41039088479074887,8.0,3.0,0.34171069951311717
693.0,1541302553770.0,1541302554005.0,1.0,6.0,1.0,3.0,1.0,0.10003463716467836
694.0,1541302553625.0,1541302553711.0,1.0,13.0,0.2190535869523368,9.0,1.0,0.3162049708337334
695.0,1541302553565.0,1541302553700.0,1.0,5.0,0.726605623197953,6.0,0.0,0.03951281474181356
696.0,1541302553712.0,1541302554276.0,0.0,5.0,0.30414552438040754,8.0,3.0,0.25578651480018383
697.0,1541302553054.0,1541302552472.0,1.0,7.0,1.0,11.0,2.0,0.036010263341277465
698.0,1541302554109.0,1541302554031.0,0.0,8.0,0.0,7.0,8.0,0.04272624952146459
699.0,1541302553963.0,1541302555306.0,1.0,5.0,0.6449595638683248,8.0,1.0,0.06725414190810258
700.0,1541302553090.0,1541302553043.0,1.0,6.0,0.0,6.0,1.0,0.08903793609528904
701.0,1541302553846.0,1541302554741.0,1.0,6.0,0.9550440563204787,6.0,8.0,0.02196748920008096
702.0,1541302553481.0,1541302553137.0,1.0,8.0,0.7476560557380857,6.0,4.0,0.07151534671557189
703.0,1541302553536.0,1541302554651.0,0.0,10.0,0.6355019241413946,5.0,4.0,0.09971100037904557
704.0,1541302553217.0,1541302552469.0,0.0,3.0,0.6837677263981993,12.0,1.0,0.1437651201826451
705.0,1541302554105.0,1541302554413.0,0.0,6.0,0.5906632307308847,7.0,12.0,0.047373089534311796
706.0,1541302553643.0,1541302554505.0,1.0,10.0,0.0,11.0,8.0,0.2890405965837479
707.0,1541302554631.0,1541302555502.0,1.0,6.0,0.3532962195568,3.0,3.0,0.1809366279413066
708.0,1541302552833.0,1541302553198.0,1.0,7.0,1.0,5.0,11.0,0.3811168528415349
709.0,1541302553741.0,1541302554087.0,1.0,12.0,0.17449731264209445,5.0,0.0,0.41778946464499966
710.0,1541302553358.0,1541302554191.0,1.0,9.0,0.544764169932947,4.0,1.0,0.3380699220635553
711.0,1541302553306.0,1541302554130.0,1.0,4.0,0.8158286729041742,9.0,4.0,0.09732117722186324
712.0,1541302553328.0,1541302553110.0,1.0,5.0,0.489331408537663,3.0,10.0,0.2035102541296587
713.0,1541302553920.0,1541302554238.0,1.0,7.0,0.08754639806366382,8.0,0.0,0.5685885889786219
714.0,1541302553346.0,1541302553634.0,1.0,13.0,0.5789603304823352,7.0,7.0,0.30413365471906945
715.0,1541302553698.0,1541302553980.0,1.0,6.0,0.23665106795900265,5.0,0.0,0.48667694831575736
716.0,1541302554227.0,1541302554516.0,0.0,8.0,1.0,7.0,7.0,0.604586550580082
717.0,1541302554594.0,1541302554789.0,1.0,8.0,0.1873719953458015,7.0,1.0,0.10482607388562813
718.0,1541302553290.0,1541302554222.0,1.0,5.0,1.0,11.0,5.0,0.27868064335842385
719.0,1541302554529.0,1541302555621.0,1.0,7.0,1.0,4.0,6.0,0.028715843704933214
720.0,1541302553180.0,1541302552858.0,1.0,8.0,0.9107228799669089,8.0,0.0,0.13548082764291008
721.0,1541302553717.0,1541302553913.0,1.0,2.0,0.8721948525248904,10.0,12.0,0.34948588788359214
722.0,1541302553504.0,1541302554284.0,1.0,5.0,1.0,8.0,4.0,0.2176351220034955
723.0,1541302553462.0,1541302553519.0,0.0,9.0,1.0,6.0,3.0,0.23838284685770927
724.0,1541302553294.0,1541302554022.0,0.0,6.0,0.0,9.0,2.0,0.4953521883022748
725.0,1541302552820.0,1541302553260.0,1.0,7.0,1.0,3.0,0.0,0.2690850052311805
726.0,1541302554131.0,1541302554516.0,1.0,8.0,1.0,7.0,13.0,0.38435199406117915
727.0,1541302553878.0,1541302554461.0,0.0,2.0,1.0,10.0,1.0,0.028650293974464003
728.0,1541302554347.0,1541302555225.0,1.0,8.0,1.0,5.0,0.0,0.3242588707189863
729.0,1541302554026.0,1541302553987.0,1.0,9.0,0.5342074184648739,6.0,3.0,0.6171413622990523
730.0,1541302553976.0,1541302555051.0,0.0,10.0,1.0,4.0,3.0,0.1482506442546612
731.0,1541302553990.0,1541302554664.0,1.0,7.0,0.8400419424744129,5.0,1.0,0.04210335074323224
732.0,1541302553893.0,1541302554507.0,1.0,4.0,0.4644048703819888,6.0,1.0,0.35587261425951905
733.0,1541302554183.0,1541302554334.0,0.0,5.0,0.7866847865766539,3.0,5.0,0.09795964935169554
734.0,1541302553484.0,1541302553973.0,0.0,9.0,0.8030978579890247,6.0,5.0,0.34914089929386305
735.0,1541302553836.0,1541302553884.0,1.0,8.0,0.8189602873126072,8.0,8.0,0.12766228664718532
736.0,1541302553948.0,1541302555065.0,0.0,5.0,0.3810488667513144,3.0,6.0,0.3538946309832876
737.0,1541302554088.0,1541302554436.0,0.0,5.0,0.0,9.0,2.0,0.38184597765106504
738.0,1541302553686.0,1541302553878.0,1.0,6.0,0.4738861143092419,6.0,6.0,0.2959187835869898
739.0,1541302554297.0,1541302555160.0,1.0,7.0,1.0,7.0,9.0,0.6400997163838953
740.0,1541302553323.0,1541302553484.0,1.0,9.0,0.14536294569772468,7.0,2.0,0.5389411623069316
741.0,1541302554118.0,1541302554439.0,1.0,6.0,1.0,5.0,2.0,0.28855510840444004
742.0,1541302553431.0,1541302554346.0,0.0,0.0,0.4281927919070853,6.0,1.0,0.1750359913193445
743.0,1541302553804.0,1541302554526.0,0.0,8.0,0.9637111860531226,6.0,1.0,0.3239272487159105
744.0,1541302553463.0,1541302553996.0,1.0,0.0,0.5826914758228214,6.0,8.0,0.14816694979850906
745.0,1541302553640.0,1541302553882.0,1.0,5.0,0.6959577056994785,6.0,5.0,0.40799299136540806
746.0,1541302553599.0,1541302553881.0,1.0,6.0,0.0,5.0,6.0,0.1656860144590521
747.0,1541302553712.0,1541302554259.0,0.0,3.0,1.0,13.0,9.0,0.10893873641779772
748.0,1541302553404.0,1541302553899.0,0.0,4.0,1.0,3.0,2.0,0.2114705562470411
749.0,1541302553150.0,1541302553456.0,1.0,10.0,1.0,4.0,7.0,0.5894486336919005
750.0,1541302554086.0,1541302554534.0,1.0,8.0,0.9872065798743735,6.0,1.0,0.46970948539473917
751.0,1541302553265.0,1541302554309.0,1.0,8.0,0.6558131571485619,3.0,4.0,0.36978149712006
752.0,1541302553681.0,1541302554135.0,1.0,7.0,0.0,8.0,0.0,0.2314493014132845
753.0,1541302553994.0,1541302554617.0,1.0,7.0,1.0,9.0,4.0,0.19422480787430035
754.0,1541302554221.0,1541302555100.0,0.0,5.0,0.504220371495906,1.0,6.0,0.19958550553749832
755.0,1541302553494.0,1541302554343.0,1.0,3.0,0.394824437999959,10.0,3.0,0.006716886771978903
756.0,1541302553383.0,1541302553705.0,1.0,5.0,0.9909174137215372,7.0,0.0,0.6018931041011877
757.0,1541302553378.0,1541302553924.0,1.0,3.0,1.0,9.0,5.0,0.6557588630810991
758.0,1541302553926.0,1541302554075.0,1.0,0.0,0.8127085757188651,7.0,5.0,0.138811733374208
759.0,1541302553992.0,1541302554736.0,1.0,4.0,0.1274350579731115,12.0,1.0,0.36496071208414155
760.0,1541302553712.0,1541302554239.0,1.0,1.0,0.12024866070252671,7.0,0.0,0.38230788488619855
761.0,1541302553777.0,1541302553693.0,0.0,5.0,0.714115416500387,8.0,3.0,0.2819668131665266
762.0,1541302553847.0,1541302554937.0,0.0,2.0,0.20148475482701,5.0,2.0,0.4502852423542354
763.0,1541302553988.0,1541302553512.0,1.0,4.0,0.0,0.0,1.0,0.3044218499246607
764.0,1541302554692.0,1541302555505.0,0.0,6.0,0.0,10.0,0.0,0.5075184660099146
765.0,1541302553685.0,1541302554007.0,0.0,8.0,0.0,7.0,0.0,0.07734888827918884
766.0,1541302553429.0,1541302554294.0,0.0,10.0,1.0,9.0,11.0,0.05873989203784197
767.0,1541302553331.0,1541302554258.0,1.0,9.0,1.0,8.0,4.0,0.5054024514813491
768.0,1541302553629.0,1541302554078.0,1.0,3.0,0.0,3.0,2.0,0.08177711326219664
769.0,1541302553379.0,1541302553290.0,1.0,7.0,1.0,8.0,1.0,0.04717196851246028
770.0,1541302553885.0,1541302554144.0,1.0,7.0,0.0,4.0,3.0,0.5968851892655034
771.0,1541302553713.0,1541302554293.0,0.0,1.0,0.7213084304623777,9.0,3.0,0.35183272667613863
772.0,1541302553355.0,1541302553218.0,1.0,11.0,1.0,6.0,1.0,0.27690649279259316
773.0,1541302553993.0,1541302554673.0,0.0,10.0,0.15786206277463266,9.0,0.0,0.43233137464910415
774.0,1541302554382.0,1541302555234.0,0.0,10.0,1.0,8.0,3.0,0.15820302754977672
775.0,1541302553353.0,1541302553802.0,1.0,7.0,0.9929593296645167,13.0,0.0,0.0575599480927633
776.0,1541302554390.0,1541302554756.0,0.0,4.0,0.5680342458969337,10.0,4.0,0.47451640669372597
777.0,1541302553581.0,1541302553843.0,1.0,9.0,1.0,8.0,3.0,0.21023542950103039
778.0,1541302553203.0,1541302554400.0,0.0,6.0,0.7483384588663176,10.0,2.0,0.16429085882103878
779.0,1541302553276.0,1541302553950.0,1.0,7.0,0.1279504595936347,5.0,4.0,0.5470692038098397
780.0,1541302553564.0,1541302554085.0,1.0,6.0,1.0,9.0,2.0,0.5768674679576635
781.0,1541302553987.0,1541302554473.0,0.0,12.0,1.0,3.0,6.0,0.3622563370115285
782.0,1541302553489.0,1541302554240.0,0.0,7.0,1.0,4.0,1.0,0.5142468346043291
783.0,1541302553971.0,1541302555039.0,1.0,2.0,1.0,2.0,3.0,0.3954570672644866
784.0,1541302554115.0,1541302554254.0,1.0,6.0,0.6142805567241806,8.0,7.0,0.0980204709940533
785.0,1541302553223.0,1541302554257.0,0.0,3.0,0.0,7.0,13.0,0.21293871640330553
786.0,1541302553297.0,1541302553835.0,0.0,7.0,0.2782477629707981,13.0,7.0,0.19746335860272077
787.0,1541302553645.0,1541302554574.0,1.0,2.0,0.06716077303103074,5.0,3.0,0.49969719859433026
788.0,1541302553668.0,1541302553420.0,1.0,5.0,0.0,4.0,1.0,0.11473107055428879
789.0,1541302553356.0,1541302552924.0,0.0,5.0,1.0,0.0,1.0,0.05786486769342769
790.0,1541302554101.0,1541302554392.0,1.0,7.0,1.0,5.0,4.0,0.2085876966936584
791.0,1541302552967.0,1541302553595.0,0.0,8.0,0.762219559876782,7.0,0.0,0.25166249425318893
792.0,1541302553199.0,1541302553052.0,1.0,3.0,0.218658402102054,11.0,3.0,0.2690397221983378
793.0,1541302553739.0,1541302553455.0,0.0,4.0,0.2947584763774886,5.0,5.0,0.22769491377730766
794.0,1541302553567.0,1541302554375.0,0.0,9.0,0.4117614035009577,7.0,2.0,0.36760843896835943
795.0,1541302553667.0,1541302554267.0,1.0,6.0,1.0,11.0,2.0,0.4795604769782751
796.0,1541302553814.0,1541302554677.0,0.0,1.0,1.0,5.0,8.0,0.2767213107891156
797.0,1541302553149.0,1541302553178.0,1.0,5.0,1.0,0.0,1.0,0.376617276509223
798.0,1541302553339.0,1541302554193.0,1.0,9.0,0.0,10.0,1.0,0.21618552007603448
799.0,1541302553931.0,1541302553905.0,0.0,4.0,0.49898158870680576,6.0,2.0,0.1086900072206835
800.0,1541302553281.0,1541302553994.0,0.0,7.0,1.0,5.0,10.0,0.22841583195156015
801.0,1541302553995.0,1541302554670.0,1.0,14.0,0.9164608945163073,7.0,8.0,0.2843797989737672
802.0,1541302553733.0,1541302554450.0,1.0,4.0,0.0,12.0,5.0,0.18419026122250978
803.0,1541302553199.0,1541302554057.0,0.0,7.0,0.5525543727404848,11.0,1.0,0.6233078953514981
804.0,1541302552538.0,1541302553585.0,1.0,7.0,0.7048761954315453,9.0,9.0,0.4792952048760728
805.0,1541302553655.0,1541302553611.0,0.0,3.0,1.0,9.0,0.0,0.2757067863289915
806.0,1541302553987.0,1541302554282.0,1.0,12.0,0.3771176806375163,0.0,1.0,0.1754409076070464
807.0,1541302553709.0,1541302554724.0,1.0,6.0,0.33713111436298415,6.0,6.0,0.2709050988792354
808.0,1541302552808.0,1541302553357.0,1.0,4.0,0.0,0.0,0.0,0.07194867058482651
809.0,1541302552730.0,1541302553639.0,1.0,11.0,0.32813332873892853,5.0,9.0,0.3300513586759678
810.0,1541302553163.0,1541302554001.0,1.0,2.0,0.6092526135488582,3.0,2.0,0.4931103956880079
811.0,1541302552938.0,1541302553704.0,1.0,4.0,1.0,2.0,3.0,0.11292156409785212
812.0,1541302553270.0,1541302554224.0,1.0,4.0,1.0,8.0,4.0,0.29659680385955167
813.0,1541302553701.0,1541302553542.0,1.0,10.0,0.5667684748068247,6.0,10.0,0.2718260373417698
814.0,1541302554179.0,1541302554164.0,1.0,3.0,1.0,5.0,3.0,0.5263032011876727
815.0,1541302553749.0,1541302554469.0,1.0,3.0,0.7470540388360761,2.0,9.0,0.27493225571365737
816.0,1541302553348.0,1541302553795.0,0.0,3.0,0.0,8.0,0.0,0.15396722464645807
817.0,1541302553858.0,1541302554715.0,0.0,7.0,0.6226142065578881,6.0,5.0,0.6113405419065361
818.0,1541302553689.0,1541302554143.0,1.0,11.0,0.4264360127397687,8.0,1.0,0.12358249127281311
819.0,1541302553343.0,1541302553649.0,0.0,7.0,1.0,5.0,13.0,0.09862536889003225
820.0,1541302553701.0,1541302554156.0,0.0,6.0,0.896437468737195,5.0,0.0,0.13560904154243122
821.0,1541302554602.0,1541302554954.0,0.0,4.0,0.8147271507173756,7.0,9.0,0.1278027898650877
822.0,1541302553741.0,1541302554039.0,1.0,7.0,1.0,8.0,6.0,0.29991043900200526
823.0,1541302553986.0,1541302553948.0,0.0,3.0,1.0,5.0,0.0,0.517201919539696
824.0,1541302553901.0,1541302554728.0,1.0,6.0,0.7943858057309476,5.0,1.0,0.32073075059763034
825.0,1541302553430.0,1541302554206.0,0.0,0.0,0.1805039026642531,3.0,1.0,0.00965295879855016
826.0,1541302553299.0,1541302554245.0,1.0,7.0,0.3368914090359249,13.0,3.0,0.6084633923459994
827.0,1541302553279.0,1541302552838.0,0.0,13.0,0.6482204293726508,7.0,0.0,0.19284668902791435
828.0,1541302552764.0,1541302553669.0,1.0,8.0,1.0,5.0,5.0,0.3346511872114447
829.0,1541302553651.0,1541302554488.0,0.0,4.0,1.0,1.0,4.0,0.35153264891038327
830.0,1541302553647.0,1541302554644.0,0.0,8.0,1.0,10.0,0.0,0.11345757426892865
831.0,1541302553794.0,1541302553706.0,1.0,3.0,0.6125973034808725,7.0,14.0,0.1470214716647925
832.0,1541302553224.0,1541302553806.0,0.0,7.0,0.2191471548172791,7.0,2.0,0.4967214083231722
833.0,1541302553716.0,1541302553487.0,1.0,8.0,1.0,3.0,2.0,0.3198010240736868
834.0,1541302554069.0,1541302553986.0,1.0,0.0,1.0,10.0,1.0,0.020471169371446912
835.0,1541302553494.0,1541302553967.0,1.0,8.0,0.8559540842477308,8.0,2.0,0.08785991353760979
836.0,1541302553174.0,1541302553497.0,1.0,1.0,0.0,7.0,4.0,0.2934470159298167
837.0,1541302553702.0,1541302553507.0,0.0,9.0,0.5400735931494247,5.0,9.0,0.02571091137002901
838.0,1541302553353.0,1541302553644.0,0.0,9.0,0.0,7.0,4.0,0.2882332412436028
839.0,1541302552843.0,1541302553334.0,1.0,8.0,0.6256109224464828,1.0,7.0,0.2522698380653565
840.0,1541302553740.0,1541302554313.0,0.0,7.0,1.0,4.0,0.0,0.10414620212237496
841.0,1541302553295.0,1541302554309.0,0.0,7.0,1.0,4.0,7.0,0.1002996003250225
842.0,1541302553475.0,1541302553552.0,1.0,4.0,0.551273660978906,7.0,2.0,0.21381661602369698
843.0,1541302553965.0,1541302554531.0,0.0,6.0,0.5167253558686296,11.0,4.0,0.02239478927118016
844.0,1541302553236.0,1541302553521.0,1.0,10.0,0.0,2.0,0.0,0.47034458596949347
845.0,1541302553951.0,1541302555015.0,1.0,2.0,0.4303066005326065,11.0,0.0,0.5720031413541717
846.0,1541302553925.0,1541302554985.0,1.0,8.0,0.8791435530081306,6.0,8.0,0.34264060303967264
847.0,1541302553551.0,1541302553283.0,0.0,14.0,0.7211037342804146,4.0,3.0,0.09251275030737266
848.0,1541302554363.0,1541302555317.0,1.0,11.0,1.0,8.0,4.0,0.519010599237115
849.0,1541302554620.0,1541302554494.0,0.0,9.0,1.0,9.0,1.0,0.3104978819098523
850.0,1541302554150.0,1541302554104.0,0.0,3.0,1.0,7.0,0.0,0.19143135177914866
851.0,1541302553921.0,1541302554237.0,0.0,8.0,0.003715165600967074,6.0,0.0,0.06113802178497377
852.0,1541302553545.0,1541302554095.0,1.0,6.0,1.0,4.0,9.0,0.10775740389577704
853.0,1541302553470.0,1541302553867.0,1.0,14.0,0.5182370440073567,11.0,3.0,0.11317219615290416
854.0,1541302553466.0,1541302554138.0,0.0,12.0,0.3688288321614072,9.0,5.0,0.14629963430942125
855.0,1541302553296.0,1541302553681.0,0.0,7.0,1.0,4.0,4.0,0.35635559937472966
856.0,1541302553922.0,1541302554480.0,0.0,0.0,0.4416530142251808,2.0,9.0,0.33695666897793897
857.0,1541302553630.0,1541302554782.0,1.0,8.0,0.0,7.0,1.0,0.4507464945283007
858.0,1541302553055.0,1541302553381.0,1.0,4.0,0.7563310691202092,6.0,4.0,0.6363731444731038
859.0,1541302553498.0,1541302554695.0,0.0,8.0,1.0,10.0,5.0,0.26087045483000615
860.0,1541302553592.0,1541302553727.0,1.0,0.0,0.5265617941810111,8.0,1.0,0.33322388588646
861.0,1541302553173.0,1541302553368.0,1.0,7.0,1.0,9.0,4.0,0.024985806988748943
862.0,1541302553769.0,1541302554109.0,0.0,6.0,0.3035998855236407,10.0,2.0,0.24840302896381794
863.0,1541302553489.0,1541302553658.0,1.0,12.0,0.5906688200450156,4.0,9.0,0.23340760720321477
864.0,1541302553813.0,1541302554453.0,0.0,5.0,0.9463889850196125,5.0,10.0,0.2399807823104424
865.0,1541302553890.0,1541302554133.0,1.0,0.0,1.0,5.0,1.0,0.045855423323588385
866.0,1541302553829.0,1541302554471.0,1.0,5.0,0.8273183806592255,9.0,7.0,0.3913854772972478
867.0,1541302553735.0,1541302553389.0,1.0,12.0,0.0,8.0,0.0,0.22533215455865474
868.0,1541302553230.0,1541302553474.0,1.0,4.0,1.0,6.0,3.0,0.1183941398281815
869.0,1541302554248.0,1541302555082.0,1.0,6.0,0.3270978025247112,0.0,1.0,0.4008896022141531
870.0,1541302553592.0,1541302553942.0,0.0,10.0,1.0,7.0,1.0,0.0027244257400796668
871.0,1541302554067.0,1541302554748.0,1.0,6.0,0.4175938286716289,5.0,2.0,0.18268179834932524
872.0,1541302553638.0,1541302553528.0,0.0,6.0,0.13934595446503795,8.0,0.0,0.4155603325567448
873.0,1541302553757.0,1541302554030.0,1.0,8.0,0.6270426155942121,5.0,1.0,0.13655964846732
874.0,1541302552981.0,1541302554053.0,0.0,5.0,0.7314377710135624,6.0,6.0,0.28270735383888324
875.0,1541302553771.0,1541302554301.0,1.0,4.0,0.7128422373160465,6.0,1.0,0.2652228543587139
876.0,1541302552876.0,1541302553660.0,0.0,4.0,0.6737707896133306,10.0,10.0,0.546362222168207
877.0,1541302553082.0,1541302553754.0,0.0,7.0,0.7388596819324562,4.0,6.0,0.383189231463046
878.0,1541302554305.0,1541302554979.0,0.0,6.0,0.7076308966980313,5.0,6.0,0.07976240572969114
879.0,1541302553828.0,1541302553437.0,1.0,1.0,0.7676502499973294,7.0,2.0,0.09171315506193163
880.0,1541302554134.0,1541302554519.0,1.0,6.0,0.06401053481437102,7.0,0.0,0.024323028958044446
881.0,1541302554153.0,1541302555265.0,1.0,8.0,0.7294804428673471,5.0,2.0,0.11980194774284092
882.0,1541302554001.0,1541302554418.0,0.0,5.0,0.25663638019134805,9.0,3.0,0.0313171836151295
883.0,1541302553787.0,1541302554211.0,1.0,8.0,0.6368749066442942,7.0,2.0,0.13292855041664464
884.0,1541302553954.0,1541302554536.0,1.0,9.0,0.8028642898062842,8.0,7.0,0.01662025053963609
885.0,1541302553719.0,1541302554612.0,0.0,7.0,1.0,13.0,0.0,0.27767354074671463
886.0,1541302553275.0,1541302553592.0,1.0,9.0,0.5480157338278133,5.0,2.0,0.10041746198716499
887.0,1541302553762.0,1541302554299.0,1.0,4.0,1.0,4.0,0.0,0.2148588522011637
888.0,1541302553167.0,1541302553655.0,1.0,4.0,0.7539574260494727,4.0,4.0,0.3499753104360138
889.0,1541302554156.0,1541302553902.0,1.0,6.0,0.6567664881658812,6.0,2.0,0.17161986004661295
890.0,1541302553455.0,1541302553757.0,1.0,10.0,0.6396332936039918,7.0,2.0,0.7815693072787291
891.0,1541302553171.0,1541302554145.0,0.0,10.0,0.20209211539007088,6.0,0.0,0.20914763868097921
892.0,1541302553213.0,1541302554187.0,0.0,5.0,1.0,4.0,1.0,0.37951022936919876
893.0,1541302554126.0,1541302554619.0,1.0,6.0,0.0,6.0,1.0,0.3147396530319996
894.0,1541302553412.0,1541302554273.0,0.0,5.0,1.0,4.0,6.0,0.1431749820669261
895.0,1541302553671.0,1541302554282.0,1.0,0.0,0.711212977338464,9.0,2.0,0.12147749017117854
896.0,1541302553240.0,1541302552974.0,0.0,5.0,0.6399478585344772,4.0,2.0,0.042180682757591514
897.0,1541302554159.0,1541302554431.0,1.0,6.0,1.0,5.0,5.0,0.2524500555505428
898.0,1541302553999.0,1541302554019.0,1.0,12.0,1.0,9.0,1.0,0.1743305832803811
899.0,1541302554296.0,1541302554995.0,1.0,7.0,1.0,7.0,5.0,0.014989698332566664
900.0,1541302554635.0,1541302555498.0,1.0,3.0,1.0,2.0,2.0,0.1880881902986226
901.0,1541302553919.0,1541302554514.0,0.0,3.0,1.0,5.0,1.0,0.013675877882908777
902.0,1541302553099.0,1541302553085.0,0.0,10.0,0.0,4.0,4.0,0.07906881783431974
903.0,1541302553690.0,1541302554055.0,1.0,9.0,1.0,4.0,7.0,0.10064835543578758
904.0,1541302552880.0,1541302554606.0,1.0,5.0,0.5832650002885101,4.0,2.0,0.38503433854768426
905.0,1541302553449.0,1541302553608.0,1.0,10.0,0.6000556023909136,5.0,4.0,0.16007002356145048
906.0,1541302553943.0,1541302554673.0,0.0,3.0,0.5395432985721869,3.0,8.0,0.18917717338327256
907.0,1541302553431.0,1541302553243.0,1.0,6.0,0.9419796989761846,10.0,11.0,0.35192250093647326
908.0,1541302553641.0,1541302553896.0,0.0,4.0,1.0,6.0,5.0,0.1560499093305106
909.0,1541302552903.0,1541302553406.0,0.0,3.0,0.3341077792837715,9.0,3.0,0.07794098904796265
910.0,1541302553436.0,1541302553807.0,0.0,3.0,0.3533094921534005,2.0,9.0,0.00479528009053648
911.0,1541302553497.0,1541302553814.0,0.0,6.0,0.9543436419173381,4.0,2.0,0.3721398576300275
912.0,1541302553992.0,1541302554882.0,1.0,0.0,1.0,3.0,1.0,0.034094951711286514
913.0,1541302554291.0,1541302554885.0,0.0,7.0,0.9122049205486101,5.0,5.0,0.35809046866881983
914.0,1541302553664.0,1541302554175.0,1.0,10.0,1.0,3.0,4.0,0.29466786404792455
915.0,1541302553557.0,1541302555122.0,1.0,2.0,0.8789265414352488,5.0,3.0,0.37254406476928076
916.0,1541302554613.0,1541302555206.0,1.0,5.0,0.4601395570465105,6.0,4.0,0.17175353369235585
917.0,1541302554432.0,1541302554980.0,1.0,6.0,0.739786727302549,7.0,4.0,0.5507382972961008
918.0,1541302552800.0,1541302553174.0,0.0,4.0,0.0,4.0,1.0,0.03932011024686197
919.0,1541302553882.0,1541302554396.0,1.0,5.0,0.31198951815368914,8.0,5.0,0.3839395049907925
920.0,1541302553959.0,1541302554393.0,1.0,6.0,1.0,5.0,0.0,0.26966318114409116
921.0,1541302553099.0,1541302553571.0,0.0,4.0,0.5785743070111004,12.0,1.0,0.32572140506566705
922.0,1541302553916.0,1541302554877.0,1.0,9.0,0.0,9.0,3.0,0.3044749091928341
923.0,1541302554104.0,1541302554789.0,1.0,8.0,1.0,3.0,2.0,0.07825992289360446
924.0,1541302553799.0,1541302554319.0,1.0,1.0,0.6515608458382242,4.0,4.0,0.006285986140527167
925.0,1541302553757.0,1541302553775.0,1.0,5.0,0.791485542690051,12.0,2.0,0.19577609595444015
926.0,1541302554004.0,1541302555292.0,1.0,5.0,0.41924780250905713,4.0,4.0,0.2858117039214434
927.0,1541302553502.0,1541302554961.0,1.0,5.0,0.9806206852237022,2.0,11.0,0.13935968627318512
928.0,1541302553431.0,1541302554331.0,1.0,7.0,0.4856444100345744,5.0,3.0,0.4079844786080806
929.0,1541302554262.0,1541302555922.0,1.0,7.0,1.0,8.0,0.0,0.09117818634637814
930.0,1541302553843.0,1541302553942.0,1.0,8.0,1.0,6.0,2.0,0.14759021981291331
931.0,1541302553498.0,1541302554178.0,0.0,10.0,0.8905679501645125,3.0,2.0,0.023980323879276566
932.0,1541302554108.0,1541302554342.0,1.0,4.0,0.3598245605537765,5.0,4.0,0.16251105231107565
933.0,1541302553818.0,1541302554197.0,0.0,8.0,0.4582776876873486,4.0,1.0,0.12986873000024113
934.0,1541302553305.0,1541302553761.0,1.0,6.0,0.029893080648923598,4.0,0.0,0.1797953558823561
935.0,1541302553681.0,1541302554265.0,1.0,9.0,0.2047671175954352,6.0,10.0,0.17977791442736818
936.0,1541302553027.0,1541302553276.0,1.0,6.0,0.9634682273272865,8.0,1.0,0.17498326792079535
937.0,1541302553129.0,1541302553920.0,1.0,10.0,1.0,12.0,1.0,0.3756829687397992
938.0,1541302553319.0,1541302552999.0,0.0,9.0,1.0,3.0,0.0,0.23765797208760917
939.0,1541302553695.0,1541302554260.0,1.0,8.0,1.0,12.0,9.0,0.2412500680013549
940.0,1541302553934.0,1541302554469.0,1.0,8.0,1.0,5.0,8.0,0.05426683463183277
941.0,1541302553525.0,1541302553341.0,1.0,6.0,0.7219901794490551,6.0,4.0,0.6205306030673841
942.0,1541302554035.0,1541302553888.0,1.0,8.0,0.5259452249453814,12.0,2.0,0.19529345016082802
943.0,1541302554179.0,1541302554282.0,1.0,8.0,0.2648357592232051,8.0,8.0,0.05452532349750397
944.0,1541302553110.0,1541302554299.0,1.0,11.0,0.2552234061501228,5.0,2.0,0.27756607685539697
945.0,1541302553786.0,1541302554237.0,1.0,0.0,0.627006132493887,4.0,7.0,0.13352921314065536
946.0,1541302553812.0,1541302554293.0,0.0,5.0,0.11040394271795229,10.0,6.0,0.34292971652651305
947.0,1541302554187.0,1541302554525.0,0.0,3.0,0.9407737734338186,6.0,15.0,0.2593608448252357
948.0,1541302553415.0,1541302554177.0,1.0,7.0,0.7344192174862495,11.0,7.0,0.3030130562025798
949.0,1541302553445.0,1541302554058.0,1.0,7.0,0.0,6.0,2.0,0.07831264571285586
950.0,1541302553825.0,1541302554156.0,1.0,4.0,1.0,10.0,0.0,0.24024356454802537
951.0,1541302553843.0,1541302553564.0,1.0,8.0,0.9498293883595499,11.0,2.0,0.5169504072812763
952.0,1541302553368.0,1541302554337.0,1.0,5.0,1.0,5.0,7.0,0.23563666793682797
953.0,1541302554424.0,1541302555254.0,1.0,9.0,0.779158512083462,5.0,0.0,0.5393516257547954
954.0,1541302553224.0,1541302553814.0,1.0,9.0,0.745368703220475,3.0,3.0,0.026451543947878464
955.0,1541302553306.0,1541302553694.0,0.0,5.0,0.4508020814434389,6.0,2.0,0.21575844958841436
956.0,1541302553697.0,1541302554698.0,1.0,7.0,0.1223591821912865,6.0,5.0,0.18356443284349308
957.0,1541302553369.0,1541302553685.0,0.0,5.0,0.06658888062581281,7.0,9.0,0.27892627746149945
958.0,1541302553223.0,1541302553788.0,0.0,0.0,0.7711925860029922,7.0,4.0,0.2638358435782373
959.0,1541302553318.0,1541302553883.0,0.0,5.0,0.8588368912627253,7.0,0.0,0.4215070653280485
960.0,1541302553352.0,1541302553709.0,1.0,5.0,1.0,0.0,2.0,0.0074709976647737986
961.0,1541302553387.0,1541302553601.0,1.0,7.0,0.4441041262984695,8.0,7.0,0.11862073299786086
962.0,1541302554400.0,1541302553880.0,0.0,9.0,0.39466392168318626,7.0,7.0,0.04314648101251933
963.0,1541302553298.0,1541302553843.0,0.0,4.0,1.0,8.0,10.0,0.017382346529604492
964.0,1541302553165.0,1541302554051.0,1.0,5.0,1.0,11.0,1.0,0.4320297558216398
965.0,1541302554154.0,1541302554749.0,1.0,3.0,0.9829326417672625,8.0,0.0,0.2737885317378054
966.0,1541302553152.0,1541302553469.0,1.0,10.0,1.0,8.0,2.0,0.22252919398762616
967.0,1541302553827.0,1541302554181.0,1.0,2.0,0.1434262845952199,7.0,4.0,0.38079278988875875
968.0,1541302553981.0,1541302554377.0,1.0,9.0,0.3567147861759889,7.0,2.0,0.2246199206302255
969.0,1541302554072.0,1541302553866.0,1.0,9.0,0.7520176029683238,6.0,9.0,0.7050743423443528
970.0,1541302553832.0,1541302553284.0,0.0,7.0,1.0,6.0,6.0,0.24546851457388208
971.0,1541302553505.0,1541302553803.0,1.0,6.0,0.09630464781756232,8.0,2.0,0.05008508504061396
972.0,1541302553538.0,1541302554859.0,1.0,4.0,0.7278899001546596,3.0,2.0,0.17574568088105308
973.0,1541302554043.0,1541302553824.0,1.0,7.0,0.6506605961729279,6.0,3.0,0.6249342516026455
974.0,1541302553910.0,1541302554967.0,1.0,4.0,1.0,9.0,6.0,0.04895966501005622
975.0,1541302553848.0,1541302554294.0,0.0,3.0,1.0,6.0,4.0,0.10370039445196998
976.0,1541302553396.0,1541302553639.0,1.0,8.0,1.0,5.0,2.0,0.018460843196088983
977.0,1541302554084.0,1541302553921.0,0.0,4.0,0.9436431801095323,7.0,2.0,0.2547820643952399
978.0,1541302553913.0,1541302554397.0,1.0,7.0,0.20772152714169245,8.0,0.0,0.2761579172039975
979.0,1541302554011.0,1541302554231.0,1.0,4.0,0.1374745437576106,5.0,5.0,0.025411000511452286
980.0,1541302553511.0,1541302553662.0,0.0,9.0,0.6744225918816762,6.0,0.0,0.040711115598370845
981.0,1541302553394.0,1541302553826.0,1.0,5.0,1.0,3.0,2.0,0.2828903735250887
982.0,1541302553883.0,1541302554444.0,1.0,7.0,0.8067570022808999,6.0,5.0,0.08295856795359863
983.0,1541302554216.0,1541302554825.0,1.0,7.0,0.015224238238511822,6.0,3.0,0.05043677071468644
984.0,1541302553150.0,1541302553387.0,0.0,2.0,0.11402221238943733,4.0,0.0,0.13370695917750425
985.0,1541302553083.0,1541302553560.0,0.0,4.0,0.5812842947484554,9.0,9.0,0.3080074340105719
986.0,1541302552901.0,1541302553394.0,0.0,9.0,0.34727349616099756,7.0,6.0,0.15487171133551922
987.0,1541302553846.0,1541302554112.0,1.0,11.0,0.45504468376987256,5.0,0.0,0.24153880980551284
988.0,1541302553869.0,1541302554797.0,0.0,7.0,0.17933154055540146,8.0,0.0,0.21356613451533468
989.0,1541302553589.0,1541302554111.0,1.0,5.0,1.0,5.0,8.0,0.056783066879936506
990.0,1541302554455.0,1541302554776.0,0.0,8.0,0.3922815300129483,4.0,7.0,0.1633248320238061
991.0,1541302553704.0,1541302554070.0,0.0,7.0,1.0,6.0,8.0,0.0072072305961345395
992.0,1541302553619.0,1541302554100.0,1.0,9.0,1.0,12.0,1.0,0.04085741346781041
993.0,1541302553867.0,1541302554875.0,1.0,6.0,0.0,11.0,0.0,0.13457544040990188
994.0,1541302553887.0,1541302554397.0,1.0,10.0,0.8700990257591203,4.0,2.0,0.1561375796070539
995.0,1541302553913.0,1541302554338.0,0.0,8.0,0.4989895410644429,10.0,0.0,0.1964364002709494
996.0,1541302554402.0,1541302555121.0,0.0,8.0,1.0,4.0,4.0,0.12249513181446509
997.0,1541302553407.0,1541302553821.0,1.0,12.0,0.0,9.0,9.0,0.29398620614474485
998.0,1541302553485.0,1541302555144.0,1.0,9.0,0.9735914990790467,2.0,3.0,0.30558051563240235
999.0,1541302553629.0,1541302554343.0,1.0,2.0,0.0,5.0,0.0,0.36859622757633204
