,music,num_interruptions,workspace_volume,num_meetings,num_breaks,progress,predictions
0,0.0,3.0,0.14515568288483152,5.0,6.0,0.6780349261919247,0.71307814
1,1.0,7.0,0.8194263021876029,4.0,2.0,0.5320481054430962,0.6970323
2,0.0,5.0,0.5687598345073807,2.0,6.0,0.8360139196997798,0.7078976
3,1.0,5.0,1.0,2.0,3.0,0.8081639972787494,0.7304412
4,0.0,3.0,0.6269143461824461,1.0,10.0,0.3543901021843696,0.683142
5,0.0,8.0,0.13625502041304932,3.0,1.0,0.5309693634426489,0.6891988
6,1.0,5.0,0.0,2.0,7.0,0.7383717629391465,0.683656
7,0.0,4.0,0.15173551324890652,1.0,0.0,0.5048693699201423,0.7122402
8,1.0,1.0,0.2779691797280435,0.0,8.0,0.5372778674783676,0.6811444
9,0.0,1.0,0.2584701236064863,2.0,0.0,0.8411377645536264,0.69727373
10,0.0,1.0,0.0,6.0,2.0,0.5997782511331082,0.68043596
11,0.0,2.0,0.3167736121222721,2.0,1.0,0.576830737107104,0.6987767
12,1.0,0.0,0.846241696824096,1.0,15.0,0.16063115189777089,0.59081006
13,0.0,7.0,0.01862002649949898,3.0,0.0,0.7879465913823103,0.66620076
14,0.0,1.0,0.0,2.0,4.0,0.6777625874423892,0.7037312
15,0.0,0.0,0.2610059634301421,5.0,7.0,1.0,0.6970368
16,0.0,2.0,1.0,3.0,9.0,0.961893253608938,0.6776612
17,1.0,6.0,0.0,0.0,12.0,0.8651060963981181,0.67721903
18,0.0,7.0,0.0,0.0,6.0,0.8718406788584883,0.72811186
19,0.0,3.0,1.0,6.0,1.0,0.7161576008995401,0.62324107
20,0.0,1.0,0.0,0.0,12.0,0.6171550376393841,0.72396106
21,1.0,4.0,0.006425094656922273,0.0,11.0,0.7458666794115354,0.66720515
22,0.0,1.0,0.00962994937452434,3.0,1.0,0.4485407410114801,0.6916384
23,1.0,1.0,0.0,3.0,13.0,0.6831824152658899,0.6549124
24,0.0,0.0,0.0,0.0,3.0,0.9773730279616326,0.7083543
25,0.0,3.0,0.0,1.0,5.0,1.0,0.71467316
26,0.0,1.0,1.0,5.0,1.0,0.8632896304228004,0.629935
27,1.0,1.0,0.05043959133408909,0.0,9.0,0.5183212680271005,0.6524099
28,0.0,0.0,0.0,4.0,7.0,0.6978057447808957,0.7069095
29,0.0,4.0,0.0,0.0,3.0,0.6912151906597204,0.7130988
30,0.0,1.0,0.0,4.0,1.0,0.8065899433580043,0.6817493
31,0.0,3.0,0.0,2.0,5.0,0.7789359562561468,0.712041
32,0.0,3.0,0.2375952448563999,1.0,3.0,0.5739119279455264,0.7140513
33,0.0,4.0,0.20372456513411344,7.0,4.0,0.6266898961854577,0.7021156
34,0.0,4.0,0.6050973823008681,1.0,3.0,1.0,0.7206728
35,1.0,4.0,0.0,3.0,0.0,0.5702106529289339,0.68873453
36,1.0,3.0,0.0,6.0,8.0,0.6726712412622176,0.70074093
37,0.0,1.0,0.0,1.0,3.0,0.6130176595593958,0.7040007
38,1.0,5.0,0.9682462524175997,2.0,3.0,0.6026134568966248,0.7264162
39,0.0,0.0,0.36092393653967497,1.0,16.0,0.7741389105817778,0.69882417
40,1.0,2.0,0.7252292154809677,0.0,16.0,0.6938051660405046,0.6226914
41,0.0,4.0,0.5568773541127239,6.0,5.0,0.5555396000203267,0.68224084
42,1.0,1.0,0.0,4.0,4.0,0.7486583389226444,0.6975466
43,0.0,7.0,0.236952281231994,2.0,7.0,0.5778279936030202,0.73172766
44,0.0,7.0,0.22288617385919984,6.0,4.0,0.8185551226382481,0.7024292
45,1.0,4.0,0.0,1.0,1.0,0.5744318053514214,0.68642795
46,0.0,2.0,0.0,1.0,10.0,0.5804004898108521,0.72232926
47,1.0,4.0,0.4225273778264443,1.0,12.0,0.7552076548575004,0.6789213
48,1.0,8.0,0.0,5.0,3.0,0.8402177277669203,0.6908525
49,0.0,0.0,0.36954972789696616,6.0,10.0,1.0,0.7027024
50,0.0,2.0,0.534723804252358,1.0,0.0,0.8477790340775369,0.7294557
51,1.0,1.0,0.4073704243502626,6.0,8.0,0.6321255983095441,0.67858195
52,0.0,2.0,0.7730867610398654,0.0,16.0,0.6834225184528473,0.6617889
53,0.0,4.0,0.0,4.0,0.0,0.8174261776029149,0.6636601
54,0.0,5.0,0.4757940439587609,4.0,5.0,0.7778224852811253,0.6936397
55,0.0,4.0,0.531393691602,4.0,8.0,0.8557098591068222,0.69728804
56,0.0,5.0,0.0,0.0,3.0,0.8202803093186315,0.71386135
57,0.0,3.0,1.0,2.0,1.0,0.6103784602108572,0.71860296
58,0.0,3.0,0.04829737633436667,2.0,6.0,0.7176523752931974,0.7201759
59,0.0,8.0,0.0,2.0,10.0,0.6237765257124095,0.7444537
60,0.0,3.0,0.0,3.0,7.0,0.6689662843466371,0.71905625
61,0.0,1.0,0.05430581672138686,2.0,2.0,0.6848327239854023,0.7051679
62,0.0,2.0,0.107472897449605,5.0,12.0,0.6758713386383074,0.7268334
63,0.0,2.0,0.0,2.0,1.0,0.7504697150469806,0.6955834
64,0.0,3.0,0.0,2.0,8.0,0.7680132845002724,0.7222958
65,1.0,5.0,0.0,5.0,1.0,0.9546126645541564,0.7116843
66,0.0,4.0,0.0,6.0,14.0,0.9395665231899044,0.7584895
67,1.0,6.0,0.6150011717650775,0.0,9.0,0.415050094298238,0.71209663
68,0.0,4.0,0.4576404011894874,1.0,9.0,0.4493659319887146,0.7051746
69,1.0,0.0,0.1930087772492308,1.0,1.0,0.7890403264647559,0.71136016
70,0.0,0.0,1.0,3.0,4.0,0.7344349253968874,0.6734184
71,0.0,4.0,0.37932378955752544,3.0,10.0,1.0,0.71616095
72,0.0,0.0,0.0,0.0,3.0,0.8135954452499549,0.7083543
73,0.0,4.0,1.0,2.0,13.0,0.7969325696032387,0.68246216
74,0.0,1.0,0.0,3.0,6.0,0.3076734987447189,0.7073322
75,1.0,0.0,0.0,2.0,2.0,0.7035440168128636,0.6731148
76,1.0,2.0,0.0,5.0,5.0,0.6597933375149312,0.7107031
77,0.0,4.0,0.0,2.0,3.0,0.4955857908781676,0.7053044
78,1.0,1.0,0.34273658411961805,0.0,8.0,0.44096702797403015,0.6837673
79,0.0,2.0,0.6263021670710157,8.0,6.0,0.7730375019273675,0.68043375
80,0.0,1.0,0.08707639875236206,0.0,4.0,0.7585296828160942,0.7132996
81,0.0,2.0,0.5035128328542711,2.0,15.0,0.7699453109640845,0.7005275
82,0.0,1.0,0.0,4.0,5.0,0.5918823924796303,0.7090069
83,0.0,0.0,0.0,0.0,3.0,0.6472233990003546,0.7083543
84,0.0,1.0,0.4097993157536665,4.0,4.0,0.8331662540570433,0.68216974
85,0.0,1.0,0.4355170361979226,3.0,0.0,0.6357433682888776,0.67577666
86,0.0,1.0,0.4286558787606447,1.0,2.0,1.0,0.72452873
87,1.0,0.0,0.0,1.0,6.0,0.7643494253183114,0.6555389
88,0.0,9.0,0.0,0.0,5.0,0.7319571544531069,0.72268635
89,1.0,2.0,0.0,3.0,4.0,0.7754202184443943,0.6911395
90,0.0,1.0,0.0,2.0,5.0,0.7325259861808644,0.7064454
91,0.0,3.0,0.5546819785134111,2.0,3.0,0.8683073043312168,0.6957767
92,0.0,1.0,0.10174233696986046,2.0,11.0,0.5337812273219646,0.7103991
93,0.0,1.0,0.0,0.0,5.0,0.5395367773003346,0.71231735
94,1.0,5.0,0.0,6.0,2.0,0.5969507787606269,0.71168065
95,0.0,0.0,0.6344319183308369,5.0,0.0,0.4833793883070324,0.61854625
96,1.0,0.0,0.7981229177912295,3.0,4.0,0.6316944711335183,0.6679853
97,0.0,2.0,0.0,6.0,8.0,0.6991255839259115,0.73243755
98,0.0,0.0,0.0,4.0,3.0,0.9957657191363488,0.69457155
99,0.0,5.0,0.0,0.0,13.0,0.66830844306186,0.7494527
100,1.0,1.0,1.0,1.0,5.0,0.9366065175118334,0.7426437
101,0.0,6.0,0.0,5.0,10.0,1.0,0.7463331
102,0.0,0.0,0.0,2.0,5.0,0.9826140020574432,0.7027018
103,0.0,3.0,0.0,10.0,4.0,0.5237162128293349,0.7059612
104,0.0,3.0,0.7163913628014019,3.0,1.0,0.6824134042709009,0.67765874
105,0.0,7.0,0.0,2.0,1.0,0.8293425385670085,0.68357843
106,0.0,5.0,0.33078382924879424,4.0,9.0,0.7351777052503548,0.7217972
107,0.0,1.0,0.19618381067468366,2.0,5.0,0.6670427637158726,0.7037157
108,1.0,1.0,0.0,4.0,7.0,0.5753474282144491,0.70139885
109,0.0,4.0,0.28072819213154965,9.0,7.0,0.4777239998278798,0.7181414
110,0.0,2.0,0.0,1.0,4.0,0.4615305776545531,0.70959395
111,0.0,2.0,0.0,7.0,9.0,0.8609875665544786,0.7402076
112,0.0,1.0,0.0,2.0,3.0,1.0,0.7018419
113,0.0,3.0,0.5587262081973257,4.0,5.0,0.6708574921758916,0.68352675
114,0.0,2.0,0.1102192783935495,0.0,6.0,1.0,0.7191594
115,0.0,3.0,0.3867703376040957,3.0,4.0,0.7045207829701936,0.6943444
116,0.0,6.0,0.0,1.0,10.0,0.9235510008348355,0.739492
117,1.0,4.0,1.0,0.0,3.0,0.975574350706538,0.78654397
118,0.0,4.0,0.0,0.0,4.0,0.9129096071638714,0.7160766
119,0.0,3.0,0.014008310022829871,3.0,5.0,0.5347309082786591,0.7107342
120,0.0,3.0,0.0,1.0,6.0,0.7010687267304192,0.7183537
121,0.0,3.0,0.7010534958968186,0.0,5.0,0.9827545834783501,0.7443139
122,0.0,2.0,0.5298918739423941,0.0,7.0,0.7301159459607887,0.71820134
123,0.0,0.0,0.4422843772507661,2.0,8.0,0.6617197215048367,0.6807651
124,0.0,0.0,0.6428095514221662,0.0,7.0,0.9422436770544572,0.7290326
125,1.0,3.0,0.0,2.0,9.0,0.6669465430749933,0.68179256
126,0.0,3.0,0.10951156692288673,0.0,7.0,0.8409711489244177,0.7268973
127,1.0,0.0,0.13147438445277745,7.0,10.0,0.6148463738881982,0.6926003
128,0.0,4.0,1.0,0.0,3.0,0.7253143232211328,0.7598613
129,0.0,3.0,0.9178158069634436,0.0,3.0,0.7421734137245852,0.76014036
130,0.0,9.0,0.0,2.0,17.0,0.6775257365129831,0.77645093
131,1.0,7.0,0.0,0.0,5.0,0.6356896129962119,0.6944382
132,0.0,3.0,0.053426880341372315,0.0,7.0,0.2899612767053899,0.7271971
133,0.0,0.0,0.13942573916895126,3.0,13.0,0.7698352529069246,0.7017934
134,0.0,0.0,0.0,7.0,0.0,0.5665035592873988,0.652613
135,0.0,2.0,0.6047261609844319,1.0,2.0,0.6179760728084935,0.72560245
136,1.0,2.0,0.07046772136339155,5.0,0.0,0.3460894106055741,0.70336974
137,1.0,6.0,0.0,1.0,11.0,0.6834032821959225,0.6735877
138,0.0,2.0,0.0,4.0,11.0,0.5573054485096691,0.7280999
139,0.0,4.0,0.422959209848521,0.0,0.0,0.3975483857438061,0.7424965
140,0.0,3.0,0.1490002816114573,1.0,2.0,0.7176364959272036,0.7139791
141,1.0,4.0,0.8686311257533212,3.0,5.0,0.4999917597372085,0.66398644
142,1.0,0.0,0.0,3.0,9.0,0.6672578761481822,0.67644715
143,1.0,3.0,0.11740273733212865,1.0,1.0,0.8043646500316901,0.7076982
144,1.0,6.0,0.0,2.0,13.0,0.6947262890478901,0.66811574
145,0.0,9.0,0.0,0.0,6.0,0.8785042671817371,0.7293933
146,0.0,1.0,0.1129595699133112,2.0,13.0,0.4983260083883929,0.7135341
147,0.0,0.0,0.5259139147055182,2.0,6.0,0.8385625463020188,0.68096733
148,0.0,0.0,0.0,1.0,8.0,0.7071964305812339,0.70305634
149,0.0,4.0,0.0,3.0,0.0,0.6846727903300811,0.67153704
150,0.0,5.0,0.0,3.0,10.0,0.7921223248781576,0.7364409
151,0.0,2.0,0.0,0.0,4.0,0.9547609815962615,0.71383464
152,0.0,4.0,0.6046911101971499,4.0,8.0,0.6336416039818787,0.692277
153,0.0,7.0,0.0,4.0,2.0,0.3938924808037641,0.6757393
154,0.0,1.0,1.0,5.0,2.0,0.5219826475018298,0.6271068
155,0.0,1.0,0.7949876057719141,1.0,18.0,0.5464017232070457,0.6488813
156,0.0,0.0,0.0,0.0,0.0,0.7104777176189669,0.7073845
157,0.0,4.0,0.4580422588369649,0.0,3.0,0.5684713842767951,0.7398374
158,0.0,2.0,1.0,1.0,11.0,0.7976865068205501,0.70652485
159,0.0,2.0,0.35926090103693376,4.0,10.0,0.26986042006643074,0.7027454
160,0.0,0.0,0.0,1.0,12.0,0.4763897378749985,0.7078705
161,1.0,0.0,0.20192753618284665,4.0,5.0,0.9121055805282768,0.70332503
162,1.0,0.0,0.4915946552504116,1.0,1.0,0.4056184248774817,0.7267825
163,0.0,3.0,0.0,0.0,6.0,0.6198311990890777,0.7208046
164,1.0,3.0,0.5113542632374622,2.0,5.0,0.6835859128036956,0.69157386
165,0.0,5.0,0.3488774655709167,0.0,4.0,0.7423693309079042,0.73260486
166,0.0,5.0,0.3450839155077781,1.0,16.0,1.0,0.7466475
167,0.0,0.0,0.7836312947418237,9.0,5.0,0.6704032499460459,0.6290269
168,1.0,3.0,0.9475155280710172,2.0,1.0,0.8076393402752103,0.75004303
169,1.0,4.0,0.6042779932250122,5.0,0.0,0.6590024208458449,0.6970787
170,0.0,0.0,0.0,5.0,4.0,0.3166457932770631,0.6976762
171,0.0,0.0,0.15108158098388105,3.0,5.0,0.60197942616691,0.6980173
172,0.0,2.0,0.0,1.0,7.0,0.3665412412282338,0.7176666
173,1.0,7.0,0.4639847087849038,10.0,6.0,0.8180729671848741,0.7195888
174,1.0,5.0,0.0,3.0,7.0,0.8943405661315837,0.6870075
175,1.0,5.0,0.3035387371721098,5.0,9.0,0.8726564038453505,0.7100486
176,0.0,6.0,0.0,2.0,15.0,0.933349889970402,0.76068085
177,0.0,7.0,1.0,2.0,0.0,0.6452359551002649,0.70703065
178,1.0,2.0,0.7437945427184781,1.0,1.0,0.9816431307280158,0.7521548
179,0.0,4.0,0.8938618247674796,1.0,12.0,0.9187402499537928,0.6880356
180,0.0,1.0,0.944119825335302,2.0,4.0,0.3252395015538637,0.7070984
181,0.0,6.0,0.853351159744006,2.0,10.0,0.5596492765936913,0.6975924
182,0.0,6.0,0.0,0.0,2.0,0.5492788217090048,0.7092471
183,0.0,3.0,0.1688398469064575,4.0,0.0,1.0,0.6823727
184,0.0,4.0,0.16946858142009874,0.0,0.0,0.7745863048841589,0.73609155
185,0.0,7.0,0.5218449544426281,5.0,9.0,0.8203834983704232,0.7163396
186,0.0,0.0,0.0,0.0,11.0,0.6215304535904012,0.71263295
187,0.0,2.0,0.39693772901683205,2.0,7.0,0.61372293030203,0.6954098
188,1.0,4.0,0.05972253006827715,2.0,2.0,1.0,0.6962283
189,0.0,3.0,0.6635878579528363,3.0,11.0,0.5135018030411178,0.68426806
190,0.0,5.0,1.0,5.0,8.0,0.9687114977668112,0.68353784
191,0.0,4.0,0.12046367700474706,1.0,5.0,1.0,0.72525144
192,0.0,5.0,0.1597563838652012,1.0,11.0,0.7689042209849839,0.7421011
193,1.0,1.0,0.9573616957741496,2.0,14.0,0.7588940638612973,0.5870241
194,1.0,8.0,0.07211757402686443,2.0,2.0,0.7369919783199103,0.70391816
195,0.0,7.0,0.8634717143645497,2.0,3.0,0.8455888372453496,0.69868946
196,0.0,0.0,0.0,5.0,11.0,0.6114216578976155,0.71306026
197,0.0,3.0,0.3086821283966906,2.0,3.0,0.7909896813959323,0.7034453
198,1.0,1.0,0.0,0.0,0.0,0.7657573663386903,0.69062227
199,0.0,6.0,1.0,8.0,4.0,0.699911545993281,0.6525337
200,0.0,5.0,0.0,4.0,8.0,0.8081964293874522,0.73047316
201,0.0,7.0,0.7108196536849236,2.0,8.0,0.6813479555484361,0.7123981
202,1.0,3.0,0.2329011485738049,0.0,8.0,0.8965681949743046,0.7065922
203,0.0,6.0,0.9119124443171992,2.0,2.0,0.9017667981928571,0.70274293
204,0.0,3.0,0.0,2.0,0.0,0.7162652250525376,0.6824782
205,0.0,1.0,0.0,0.0,8.0,0.6013559142813107,0.71699685
206,1.0,5.0,0.2974527906757448,0.0,2.0,0.8947138496094095,0.7649449
207,1.0,0.0,0.6353822295396278,1.0,3.0,0.976261228446118,0.7201879
208,0.0,7.0,0.0,2.0,1.0,0.8352520255362397,0.68357843
209,0.0,1.0,0.56096444940514,3.0,8.0,0.8950044292496279,0.6793809
210,0.0,6.0,0.09052646703745076,1.0,9.0,0.5089557716346814,0.7419169
211,1.0,0.0,0.12264535978413316,0.0,9.0,0.6616096597960165,0.65135604
212,1.0,1.0,0.6033616075142484,2.0,3.0,0.5849334759338484,0.69390315
213,1.0,4.0,0.12154634409157247,2.0,4.0,0.8154263774447171,0.7083496
214,0.0,0.0,0.5412714392467852,0.0,8.0,0.5831086385879897,0.70874196
215,0.0,0.0,0.3306260611868727,4.0,5.0,0.5828781847000699,0.68392265
216,0.0,0.0,0.2741528393230128,2.0,1.0,0.6159411611098741,0.69952387
217,0.0,0.0,0.12421214347629365,1.0,10.0,0.9725378649200244,0.70176286
218,0.0,5.0,0.4664075521145548,2.0,7.0,1.0,0.7118547
219,0.0,4.0,0.24198997863211094,1.0,18.0,0.9326725649680012,0.7504233
220,0.0,1.0,1.0,1.0,4.0,1.0,0.7413293
221,0.0,8.0,0.0,4.0,7.0,0.8352729808067011,0.72375846
222,0.0,8.0,0.06218246756945334,5.0,1.0,0.478636637627641,0.6638863
223,0.0,0.0,0.8706003507490625,5.0,1.0,0.4624562640702973,0.6146672
224,0.0,0.0,0.0,6.0,1.0,0.5323487964881161,0.6668537
225,1.0,3.0,0.0,1.0,10.0,0.7331549629865033,0.6669567
226,0.0,1.0,0.0,3.0,5.0,0.7462806251698431,0.7058957
227,1.0,2.0,0.3604880929194248,4.0,8.0,0.6852039965711689,0.68593657
228,0.0,1.0,0.3407732611605997,5.0,4.0,0.6166536322639451,0.68268687
229,0.0,0.0,0.0,0.0,7.0,0.599817009993319,0.7086828
230,0.0,3.0,0.7877771144818747,2.0,9.0,0.6900362862773975,0.68124837
231,0.0,1.0,0.0,4.0,7.0,0.6476846476417767,0.7141931
232,0.0,3.0,0.2730265585935253,1.0,9.0,0.5503831676901757,0.71779984
233,1.0,1.0,0.0,3.0,6.0,0.5131844698046935,0.69162244
234,1.0,5.0,0.4478008714005961,0.0,6.0,0.9142398631143136,0.7478225
235,1.0,6.0,0.0,0.0,8.0,0.6802687941212426,0.68144685
236,0.0,3.0,0.0,3.0,18.0,0.6645348878124582,0.746575
237,0.0,2.0,1.0,5.0,5.0,0.8293767316047537,0.63685375
238,0.0,1.0,0.0,0.0,9.0,0.7039253680748703,0.71935296
239,1.0,13.0,0.0,2.0,1.0,0.665615129743242,0.6876009
240,0.0,0.0,0.3154990933136245,0.0,7.0,0.3299249128416679,0.6995144
241,0.0,5.0,0.7441302168410013,3.0,2.0,0.7693129505950977,0.6789932
242,0.0,3.0,0.0,1.0,0.0,0.5741886650490065,0.69140244
243,0.0,1.0,0.5337391464247233,0.0,11.0,0.8950664665265361,0.6795819
244,0.0,6.0,0.0,1.0,6.0,0.6844127179818891,0.72377473
245,0.0,1.0,1.0,1.0,9.0,0.74468224599769,0.71927065
246,0.0,0.0,0.0,0.0,0.0,0.3262088052800387,0.7073845
247,0.0,3.0,0.07692756459028326,3.0,4.0,0.5292211065923087,0.70858663
248,0.0,6.0,0.1533449512832745,1.0,4.0,0.7592341758881308,0.7255665
249,1.0,3.0,0.0,1.0,13.0,0.9168744157505524,0.6515677
250,0.0,5.0,0.12279002539407485,2.0,7.0,0.9385015238985268,0.7305808
251,0.0,2.0,0.4956406078572453,5.0,0.0,0.687004421455568,0.6551245
252,0.0,0.0,0.3405836666851044,5.0,12.0,0.8015626438906859,0.70298773
253,0.0,7.0,0.32000696924385874,3.0,10.0,0.690534238443166,0.7376621
254,0.0,2.0,0.3833461446465203,0.0,4.0,0.6824159525968844,0.731705
255,0.0,3.0,0.0,2.0,0.0,0.3887711526253115,0.6824782
256,0.0,0.0,0.499230011573456,3.0,3.0,0.608501644716082,0.6728824
257,1.0,4.0,0.7437009359828507,3.0,4.0,0.3709194994798288,0.6698176
258,0.0,0.0,0.0,4.0,6.0,0.8637216283905413,0.7074396
259,1.0,9.0,0.0,2.0,1.0,0.7585020473713205,0.6956611
260,0.0,4.0,0.32384470844772145,5.0,2.0,0.5147233577383951,0.67746806
261,1.0,5.0,0.4548646929770634,1.0,0.0,0.9729453167462194,0.7614753
262,1.0,0.0,0.3436925518083884,2.0,0.0,0.8123310290735851,0.7085051
263,0.0,3.0,0.0,1.0,2.0,0.4957979854463938,0.7047629
264,1.0,4.0,0.0,0.0,6.0,0.7490266041675624,0.68014747
265,1.0,1.0,0.8174066547058647,3.0,1.0,0.3454605557265171,0.7012297
266,1.0,9.0,1.0,0.0,3.0,0.9356318738418068,0.79432154
267,0.0,6.0,0.0,5.0,10.0,0.2475674244249065,0.7463331
268,0.0,3.0,0.0,3.0,9.0,1.0,0.727074
269,0.0,5.0,0.0,3.0,8.0,0.6210422463341864,0.7271286
270,0.0,2.0,0.06668069834819845,4.0,2.0,0.8276172068686759,0.6929196
271,0.0,0.0,1.0,2.0,5.0,0.3874937521475624,0.7004165
272,0.0,2.0,0.5524343319827031,0.0,2.0,0.8313582473881009,0.7519508
273,0.0,0.0,0.0,0.0,9.0,1.0,0.71183765
274,0.0,0.0,0.0,1.0,1.0,0.4672139199266677,0.69512284
275,1.0,4.0,0.0,0.0,17.0,0.7101586826239302,0.6382771
276,0.0,5.0,0.0,4.0,1.0,0.19594299905560572,0.6678718
277,1.0,3.0,0.0,2.0,3.0,0.5176020023262187,0.6815301
278,1.0,7.0,0.0,3.0,9.0,0.775503943669301,0.6709739
279,0.0,2.0,0.0,1.0,4.0,0.8932158862395051,0.70959395
280,0.0,3.0,0.048769793977889775,1.0,5.0,0.6377756160230285,0.7203709
281,0.0,2.0,0.7368507506405639,4.0,1.0,0.5313706009650436,0.6531065
282,0.0,5.0,0.14552565892608527,4.0,5.0,0.7262544282758474,0.71235013
283,1.0,5.0,0.0,4.0,10.0,0.2993737688359415,0.6763097
284,0.0,2.0,0.4066642932030719,4.0,11.0,0.6047878452348899,0.700683
285,0.0,5.0,0.22626901151542406,3.0,10.0,0.9285679497335332,0.7335343
286,1.0,3.0,0.0,2.0,15.0,0.6261913033835319,0.644659
287,0.0,3.0,0.5121011422180298,6.0,10.0,1.0,0.70597106
288,0.0,5.0,0.26906472959943256,1.0,6.0,1.0,0.72333163
289,1.0,4.0,0.0,6.0,6.0,0.6107467499503278,0.70313257
290,0.0,0.0,0.3626437253838448,0.0,11.0,0.3457781977465173,0.68776786
291,0.0,0.0,0.0,1.0,5.0,0.4269598748202986,0.7030387
292,1.0,2.0,0.5965500794392347,1.0,11.0,0.3610519379015042,0.63917774
293,0.0,0.0,0.0006028827279185023,3.0,3.0,0.8324250602954647,0.69635415
294,1.0,0.0,0.6491015985060737,1.0,11.0,0.6478764995904888,0.6307798
295,0.0,12.0,0.0,2.0,6.0,0.96600678775567,0.72128224
296,0.0,4.0,0.0,4.0,1.0,0.7004076399758811,0.6717501
297,1.0,5.0,0.07371511664797159,2.0,6.0,0.7654435877726142,0.6966999
298,1.0,3.0,0.0,7.0,3.0,0.8975570145302944,0.720784
299,0.0,1.0,0.18928852677362626,5.0,1.0,0.9366023282804956,0.690195
300,0.0,3.0,0.0,3.0,6.0,0.7338522372727175,0.71423376
301,1.0,1.0,0.0,3.0,5.0,0.7552476115308536,0.6895819
302,0.0,0.0,0.15991324039161492,6.0,1.0,1.0,0.69084996
303,0.0,5.0,0.0,3.0,10.0,0.5713883720650235,0.7364409
304,0.0,0.0,0.2218421310297604,2.0,1.0,0.0617415923715523,0.69663674
305,0.0,0.0,1.0,2.0,11.0,0.8295793904566955,0.6675625
306,0.0,5.0,0.4993897099078853,3.0,2.0,0.8609758153644188,0.68749887
307,1.0,10.0,0.0,0.0,6.0,0.6530367848035725,0.6908262
308,0.0,4.0,1.0,1.0,7.0,0.5137473972012065,0.72915596
309,0.0,2.0,0.09684894432100402,1.0,0.0,0.5848975717895566,0.7094036
310,0.0,0.0,0.7062728270170125,2.0,2.0,0.7875875339707581,0.70814496
311,0.0,3.0,0.4491970295529819,3.0,3.0,0.4104842004355565,0.689886
312,0.0,6.0,0.0,0.0,1.0,0.4737405041424779,0.706775
313,0.0,2.0,0.11265558040438135,3.0,9.0,0.796664750936023,0.71375227
314,0.0,3.0,0.15879770988678102,0.0,4.0,0.5979893199844386,0.7241061
315,0.0,3.0,0.4065331007733932,3.0,2.0,0.6939514710159767,0.68832123
316,0.0,2.0,1.0,0.0,16.0,0.6589403948038931,0.6755993
317,0.0,2.0,0.15372892645930494,6.0,0.0,0.7518552774634129,0.6810776
318,0.0,0.0,0.0,1.0,3.0,0.4735355127325966,0.70233744
319,0.0,0.0,0.14224859901110054,3.0,4.0,0.8475524427255742,0.7006365
320,1.0,3.0,0.490520438566237,0.0,11.0,0.946722782798284,0.6769322
321,0.0,5.0,0.20284958383502705,3.0,16.0,0.6360833587417353,0.75193065
322,0.0,0.0,0.2638296191380595,3.0,6.0,0.7318852503801012,0.69221914
323,0.0,8.0,0.0,2.0,7.0,0.7124721237680683,0.7286916
324,1.0,2.0,0.0,0.0,7.0,0.4138220957149065,0.6638029
325,0.0,4.0,0.0,1.0,2.0,1.0,0.7058273
326,0.0,0.0,0.0,0.0,9.0,0.9354858952831268,0.71183765
327,0.0,1.0,0.12819204957052013,0.0,9.0,0.5620446626704396,0.7134237
328,0.0,2.0,0.0,5.0,8.0,0.7141593649514366,0.72741026
329,0.0,1.0,0.08593169218088527,6.0,0.0,0.9243640538740006,0.68163526
330,0.0,1.0,0.0,0.0,0.0,1.0,0.7135967
331,0.0,0.0,0.0,4.0,17.0,0.6437407690728943,0.7192396
332,0.0,1.0,0.0,4.0,7.0,0.7575241204504654,0.7141931
333,0.0,3.0,0.3973721210881795,0.0,3.0,1.0,0.7373667
334,1.0,3.0,1.0,1.0,14.0,0.7900009515486761,0.62137043
335,0.0,2.0,0.0,1.0,5.0,0.5228663220836625,0.7131407
336,0.0,3.0,0.6220933062567696,1.0,7.0,0.5028957901434038,0.69958174
337,1.0,4.0,0.0,2.0,18.0,0.3937462200656127,0.6377452
338,1.0,2.0,0.0,3.0,4.0,0.8130474967346863,0.6911395
339,0.0,1.0,0.0,3.0,11.0,0.7889274897818289,0.7140348
340,0.0,1.0,0.3936987598422255,3.0,8.0,0.6373311213211403,0.688181
341,0.0,2.0,0.07486816358191584,1.0,1.0,0.8047216638466295,0.7079038
342,0.0,2.0,0.275237027783027,1.0,6.0,0.6845500346409668,0.7068573
343,0.0,1.0,0.0,4.0,9.0,0.7988263235181313,0.7146987
344,1.0,0.0,0.03551457498692652,3.0,7.0,0.7330766242697335,0.6840953
345,1.0,1.0,0.3986757094827029,4.0,7.0,0.8726292001806382,0.6781724
346,0.0,5.0,0.3952298822129281,3.0,5.0,0.5858548530799021,0.70414835
347,0.0,6.0,0.2834044210729494,0.0,8.0,1.0,0.73563707
348,0.0,2.0,0.5046117749285224,0.0,3.0,0.6790626749593199,0.7446873
349,1.0,5.0,0.0,1.0,0.0,0.6732365995602666,0.694641
350,0.0,10.0,0.07537990581410288,3.0,2.0,0.4738169508361939,0.6858415
351,0.0,7.0,0.0,2.0,16.0,0.7594191174828249,0.76751834
352,1.0,4.0,0.2847864674108665,1.0,5.0,0.90838625277422,0.734807
353,1.0,5.0,0.0,0.0,4.0,0.5432995166882384,0.68825376
354,1.0,7.0,0.003079950531542877,3.0,4.0,0.2785883884675953,0.686135
355,0.0,6.0,0.0,0.0,2.0,0.4536704119994154,0.7092471
356,0.0,1.0,0.0,1.0,0.0,0.3760216312956115,0.6926203
357,1.0,1.0,0.2808354543685541,0.0,9.0,0.5957008890747377,0.67245114
358,0.0,4.0,0.0,5.0,0.0,0.42403752555433705,0.66060156
359,1.0,6.0,0.10941521581436846,0.0,2.0,0.7114492105810902,0.72499245
360,0.0,2.0,0.3550969211036318,0.0,2.0,0.6605838757405973,0.7417906
361,0.0,0.0,0.0,2.0,10.0,0.7332158828225503,0.6987823
362,1.0,3.0,0.1793441276693442,2.0,2.0,0.7296211293832345,0.7113671
363,0.0,2.0,0.486941158855138,6.0,7.0,0.6195626925834893,0.68949413
364,0.0,3.0,0.18476194703715965,2.0,0.0,0.9796403523256152,0.6977562
365,1.0,2.0,0.0,0.0,5.0,0.7018562494946174,0.67155856
366,0.0,2.0,0.7845606856669052,1.0,3.0,0.6069695143695488,0.73144454
367,0.0,3.0,0.8447922452008103,0.0,10.0,0.7941205719383526,0.7187486
368,1.0,6.0,0.0,4.0,10.0,0.8310649798205235,0.67214453
369,0.0,0.0,0.2732594083500263,1.0,15.0,0.6372532327851493,0.70409334
370,1.0,4.0,0.0,3.0,3.0,0.6253409930243445,0.6951612
371,0.0,6.0,0.1560461772568862,4.0,6.0,1.0,0.7218689
372,0.0,3.0,0.0,3.0,6.0,0.5041122374125787,0.71423376
373,0.0,6.0,0.0,2.0,9.0,0.6584014820261164,0.735041
374,0.0,2.0,0.0,0.0,2.0,0.5917552802761831,0.7090323
375,1.0,7.0,0.0,4.0,22.0,0.5176480798501482,0.6610173
376,0.0,1.0,0.0,1.0,9.0,0.5420962430200145,0.7136341
377,1.0,0.0,0.6913191780644232,0.0,4.0,0.4779136943924246,0.7385697
378,1.0,5.0,0.0,3.0,7.0,0.7560671584925026,0.6870075
379,0.0,8.0,0.0,1.0,6.0,0.8659776244153718,0.72549826
380,0.0,0.0,0.0,0.0,8.0,0.9076468051002388,0.7109759
381,0.0,1.0,0.07771338343570047,0.0,1.0,0.5182543103293413,0.72411364
382,0.0,4.0,0.7917493341613053,1.0,13.0,0.4527227162453962,0.6799181
383,0.0,4.0,0.5378424692622054,0.0,17.0,0.7680751678824911,0.7155213
384,0.0,5.0,0.14216407058013195,1.0,2.0,0.7806518711401411,0.71805245
385,0.0,3.0,0.0,2.0,14.0,0.643671890506871,0.7383494
386,0.0,4.0,0.34331239187073503,6.0,6.0,0.9325955024252728,0.7030948
387,1.0,9.0,0.4790348963680774,3.0,5.0,0.7964282789791842,0.72636396
388,0.0,3.0,0.3320900275736404,1.0,8.0,0.5764247594543989,0.7098034
389,0.0,2.0,0.0,8.0,1.0,0.3945326888627701,0.66981363
390,1.0,6.0,0.23421488776026475,3.0,2.0,0.7544828249853524,0.720218
391,1.0,6.0,0.07826568555869062,3.0,9.0,0.7381962345341072,0.6866236
392,0.0,6.0,0.3303540489268424,2.0,2.0,0.6820934985072933,0.7103655
393,0.0,1.0,0.0,0.0,4.0,0.6684247154427579,0.7106853
394,1.0,3.0,0.0,3.0,2.0,0.4516776136787596,0.6897637
395,0.0,7.0,0.0,0.0,5.0,0.8444658075353947,0.724411
396,1.0,4.0,0.0,3.0,6.0,0.7820514976963227,0.69393694
397,1.0,0.0,0.0,2.0,4.0,0.5579757123938648,0.67028177
398,0.0,6.0,0.4819259717246784,1.0,2.0,0.8384809454739174,0.71831805
399,0.0,4.0,0.0,4.0,7.0,1.0,0.725299
400,0.0,1.0,0.0,1.0,5.0,0.6365609222683062,0.7096638
401,1.0,3.0,0.6510443510019882,4.0,7.0,0.5284275133773844,0.6412995
402,1.0,0.0,0.7575493587147546,7.0,3.0,0.4259315014436417,0.635198
403,1.0,4.0,0.5914370932868285,5.0,0.0,0.7192627029763499,0.69799703
404,0.0,7.0,0.4034560542935366,0.0,4.0,0.6705350656409571,0.73970926
405,1.0,4.0,0.25812994090649394,0.0,7.0,0.9499585487174932,0.72787386
406,0.0,2.0,0.0,2.0,1.0,0.3918263104171854,0.6955834
407,0.0,3.0,0.0,0.0,3.0,0.4264410320042676,0.71182543
408,1.0,0.0,0.026585838953961462,6.0,9.0,0.6064546134032329,0.6950351
409,0.0,2.0,0.555717938238645,4.0,0.0,0.9190002064852862,0.66153973
410,1.0,1.0,0.0,1.0,3.0,0.6445107396175747,0.66893846
411,0.0,3.0,0.0,1.0,5.0,0.5113197989947732,0.71467316
412,1.0,10.0,0.0,7.0,12.0,0.5566892366084667,0.66541535
413,0.0,4.0,0.5980550722976159,0.0,6.0,0.8150027091975224,0.73250633
414,0.0,0.0,0.37422831495809217,2.0,6.0,0.4364887880074007,0.686993
415,0.0,7.0,0.9569710294304008,5.0,14.0,0.8092771103947103,0.71355104
416,0.0,3.0,0.0,1.0,0.0,0.5128125670789718,0.69140244
417,0.0,3.0,0.0,0.0,16.0,1.0,0.75040364
418,0.0,5.0,1.0,0.0,1.0,0.6714041741118619,0.7611005
419,1.0,5.0,0.0,3.0,0.0,0.8612176893577815,0.6921069
420,0.0,3.0,0.08662885033144226,0.0,9.0,0.7778377510037274,0.7303699
421,0.0,2.0,0.0,3.0,5.0,0.6555975975087445,0.70676863
422,0.0,9.0,0.9642311972970964,3.0,1.0,0.5723632457523756,0.683076
423,0.0,4.0,0.2317773793865613,3.0,6.0,0.6389649464015185,0.71383476
424,0.0,2.0,0.2025111837537195,3.0,9.0,0.7337634883648688,0.7117045
425,0.0,5.0,0.3375355661041626,2.0,9.0,0.7876551431902514,0.7235826
426,0.0,5.0,0.2453978077986895,2.0,2.0,0.5566897982575794,0.70777833
427,0.0,3.0,0.10330294807696301,0.0,1.0,0.8412619581913104,0.72888064
428,0.0,6.0,0.01421430344993145,8.0,6.0,0.9383793796300146,0.71704996
429,0.0,4.0,0.0,1.0,6.0,0.9432399998330752,0.7201465
430,1.0,8.0,0.458828429203425,0.0,10.0,1.0,0.7477136
431,0.0,3.0,0.0,5.0,6.0,0.9615817551231078,0.72185594
432,0.0,7.0,0.14571893843894632,6.0,5.0,0.5389723077864411,0.710639
433,0.0,2.0,0.39577723637447215,6.0,5.0,0.8453002096639121,0.68773127
434,1.0,0.0,0.0,1.0,7.0,0.4815064799485394,0.6544702
435,1.0,1.0,0.0,5.0,7.0,0.809825802000657,0.70729494
436,0.0,7.0,0.6446917317906637,6.0,10.0,0.06568422270798413,0.7085567
437,0.0,3.0,0.0,1.0,10.0,0.6709222568136151,0.72992927
438,0.0,3.0,0.32045916934084656,2.0,8.0,0.7301561068386295,0.7101997
439,0.0,7.0,0.20438514725951776,3.0,5.0,0.98708424494142,0.72101754
440,1.0,0.0,0.6031895182212806,0.0,1.0,1.0,0.76231515
441,0.0,5.0,0.0,2.0,1.0,0.6514888129027958,0.6884679
442,1.0,2.0,0.6757164239340153,6.0,3.0,0.9041533217794202,0.6562453
443,0.0,1.0,0.06773103795098072,1.0,4.0,0.4924685528836204,0.7099787
444,0.0,3.0,0.0,0.0,10.0,0.7870048658354286,0.7329242
445,0.0,4.0,0.0,0.0,5.0,0.5546731904377489,0.71952236
446,0.0,2.0,0.0,8.0,4.0,0.9182446741859251,0.7059384
447,0.0,2.0,0.5149440566798059,0.0,9.0,0.7348174018547599,0.69777066
448,0.0,2.0,0.8306132281284044,3.0,16.0,1.0,0.6618643
449,0.0,1.0,0.35961169540872084,3.0,5.0,0.8316685914586608,0.6914727
450,0.0,1.0,0.0,4.0,6.0,0.8500511329009116,0.71229583
451,0.0,5.0,0.0,2.0,15.0,0.9139931990593144,0.756485
452,0.0,2.0,0.10094100795841332,0.0,13.0,0.8249264399262283,0.7320491
453,0.0,5.0,0.2968030050263756,3.0,1.0,0.5502834153511879,0.69083685
454,0.0,1.0,0.0,3.0,5.0,0.9518864428044472,0.7058957
455,0.0,4.0,0.010643770577536292,2.0,8.0,0.9332159857789568,0.7264283
456,0.0,3.0,0.33847467133405384,9.0,3.0,0.447592107098706,0.689418
457,0.0,3.0,0.6706231380146485,3.0,4.0,0.6244628488015248,0.6810721
458,1.0,2.0,0.0,2.0,0.0,0.40977081923923,0.6740528
459,1.0,11.0,1.0,5.0,8.0,0.3464483681497165,0.6794252
460,0.0,3.0,0.6043621084202606,1.0,1.0,0.768308103581706,0.7248692
461,1.0,3.0,0.0,7.0,5.0,1.0,0.71392953
462,0.0,7.0,1.0,2.0,4.0,0.4521095505036288,0.7037882
463,0.0,8.0,1.0,2.0,1.0,0.6965053163774237,0.7035925
464,1.0,2.0,0.2697969812704065,3.0,4.0,1.0,0.7053273
465,0.0,3.0,0.0,0.0,8.0,0.7469002379432194,0.7264867
466,0.0,3.0,0.0,0.0,10.0,0.9243986979519472,0.7329242
467,0.0,4.0,0.0,6.0,9.0,0.6772400099230375,0.74336255
468,0.0,1.0,0.6018173042039171,0.0,4.0,1.0,0.7490943
469,0.0,3.0,0.6751584449173061,2.0,4.0,0.6612142731081698,0.69655246
470,0.0,3.0,0.043281986802747176,4.0,6.0,0.5467483689057473,0.7192682
471,0.0,9.0,0.23122199255305445,5.0,6.0,0.521018224377472,0.721878
472,0.0,3.0,0.0,6.0,7.0,0.8181205423057127,0.72946405
473,1.0,2.0,0.3912461357712905,5.0,2.0,0.6673997108878275,0.69726413
474,0.0,8.0,0.6371189416663172,0.0,6.0,0.7226465253243869,0.7421808
475,1.0,3.0,0.8935682123318158,2.0,7.0,0.8721260250989764,0.6702856
476,0.0,7.0,0.0,0.0,4.0,0.6087539017555483,0.71882224
477,0.0,2.0,0.0,5.0,1.0,0.7750907228168461,0.6778604
478,1.0,4.0,0.2805918610821029,1.0,11.0,0.5284047161569319,0.6863106
479,0.0,6.0,0.0,5.0,3.0,0.9480766996064338,0.68620926
480,0.0,1.0,0.4742856796178586,5.0,11.0,0.7707285716778346,0.69567984
481,0.0,3.0,0.5601520652524786,5.0,1.0,0.4337595444515988,0.65776914
482,1.0,1.0,0.44521814330784,1.0,7.0,0.9449927385666635,0.6818778
483,1.0,0.0,0.5321149934039318,0.0,9.0,0.5800773346948016,0.67501754
484,0.0,6.0,1.0,1.0,6.0,0.735530247018228,0.7282951
485,0.0,3.0,0.2804561815550509,0.0,3.0,1.0,0.7314765
486,0.0,3.0,0.0842691247108119,2.0,3.0,0.9516768876758571,0.71010983
487,1.0,6.0,0.0,2.0,0.0,0.8519284673368842,0.69408876
488,0.0,0.0,0.0,1.0,13.0,0.8528312833133767,0.70983624
489,0.0,0.0,0.7196512785283496,0.0,3.0,0.9312123821030184,0.76361173
490,0.0,0.0,0.13723603253035144,0.0,10.0,0.7959012081794102,0.7061003
491,0.0,2.0,0.3224812408169385,1.0,10.0,0.6618502435116562,0.7065213
492,0.0,6.0,1.0,5.0,11.0,0.9965273098761922,0.7004195
493,0.0,1.0,0.6189027923145108,2.0,2.0,0.5754586168134821,0.70367086
494,1.0,1.0,0.12086234997239788,6.0,10.0,0.584483586269771,0.6919291
495,0.0,6.0,0.0,7.0,5.0,0.6436266906028674,0.70598483
496,0.0,7.0,0.0,3.0,14.0,0.724447687226583,0.7590804
497,0.0,6.0,0.0,2.0,15.0,1.0,0.76068085
498,1.0,0.0,0.0,2.0,15.0,0.31932889850794743,0.6233963
499,1.0,3.0,0.0,6.0,13.0,0.8235058780130121,0.683767
500,0.0,6.0,0.0,3.0,3.0,0.9422334444619735,0.6965156
501,0.0,2.0,0.20768071910480024,5.0,4.0,0.8156177543944125,0.6938801
502,0.0,8.0,1.0,3.0,0.0,0.6304650206829532,0.68125546
503,0.0,2.0,0.0,0.0,7.0,1.0,0.7202388
504,1.0,0.0,1.0,4.0,9.0,0.4642764711848112,0.6015828
505,0.0,2.0,0.0,2.0,0.0,1.0,0.6885484
506,0.0,0.0,0.0,3.0,3.0,0.8683010013282341,0.69623035
507,0.0,3.0,0.04556025418213156,1.0,6.0,0.4987745510453163,0.72270393
508,0.0,5.0,0.6106367974422579,5.0,1.0,0.8860785416741987,0.65726805
509,0.0,4.0,0.16921737583873653,0.0,8.0,0.8875077688862013,0.7323199
510,0.0,8.0,0.0,2.0,7.0,0.5408902768256445,0.7286916
511,0.0,1.0,1.0,5.0,2.0,0.7862763761309409,0.6271068
512,0.0,7.0,0.9301817654447528,2.0,4.0,0.6386419964407131,0.6995204
513,0.0,0.0,0.0,3.0,1.0,0.7882029995271165,0.6854636
514,0.0,5.0,0.2891266590707228,3.0,7.0,0.5862282894442247,0.71886283
515,0.0,3.0,0.6645012551292862,1.0,6.0,0.5158037358312271,0.7132354
516,0.0,6.0,0.7635522352461271,4.0,4.0,0.6331454453418579,0.67386574
517,0.0,1.0,0.11059416573676104,3.0,13.0,0.7957430116952464,0.7141792
518,1.0,10.0,0.6743798948620076,4.0,1.0,0.833048330911379,0.72454137
519,1.0,2.0,0.0,1.0,13.0,0.4913697434360784,0.64457285
520,0.0,3.0,0.33532366354793386,1.0,5.0,0.6537141101609224,0.7119689
521,0.0,6.0,0.3303787094284583,1.0,6.0,0.6627133850337643,0.72571546
522,0.0,0.0,0.4141577664096847,2.0,10.0,0.7407340511951771,0.68160886
523,1.0,2.0,0.2474243964298701,0.0,7.0,0.4602375223853842,0.7029017
524,0.0,3.0,0.5459790161377754,0.0,1.0,0.9043987960601276,0.7491389
525,0.0,1.0,0.487954451885191,3.0,2.0,0.6216751624938454,0.67893296
526,0.0,1.0,0.8210789418109525,2.0,11.0,0.3738278647897837,0.6566422
527,0.0,3.0,0.5882540000839431,0.0,7.0,0.6082764288206306,0.7227932
528,1.0,2.0,0.525879292743359,4.0,7.0,0.3546519760337245,0.6569054
529,0.0,0.0,0.12862548574490318,3.0,10.0,0.5357949566524763,0.6955855
530,0.0,5.0,0.7112228228464802,1.0,10.0,0.7497474456748022,0.69820064
531,0.0,6.0,0.0,0.0,5.0,0.8062297842669666,0.72270423
532,1.0,1.0,0.4950411952288318,4.0,12.0,0.8543247710239131,0.6340543
533,0.0,1.0,0.15541136245729306,3.0,0.0,0.6773437169036581,0.6930794
534,1.0,1.0,0.0,2.0,7.0,0.7977322498970943,0.6776321
535,1.0,0.0,0.3471522658391092,2.0,8.0,0.8763705967032378,0.6667804
536,0.0,4.0,0.0,2.0,8.0,0.3746006554061633,0.7254095
537,0.0,5.0,1.0,5.0,1.0,0.845755525280246,0.65712404
538,0.0,0.0,0.4904735758537391,6.0,6.0,0.7464922564939391,0.66766167
539,0.0,6.0,0.09383492649470493,7.0,0.0,0.6060314529181409,0.65408635
540,0.0,6.0,0.0,3.0,7.0,0.6258738677084911,0.72491306
541,0.0,1.0,0.7211498522794755,1.0,8.0,1.0,0.7042106
542,0.0,4.0,0.0,0.0,8.0,0.7141765640359257,0.7283901
543,0.0,1.0,0.5332869533428997,1.0,2.0,0.6090059137544118,0.72811764
544,0.0,3.0,0.5669120479988945,0.0,4.0,0.7351357073090552,0.7427083
545,0.0,0.0,0.6615126321969532,7.0,14.0,0.8600245994018951,0.68074024
546,0.0,2.0,0.2748202882867943,0.0,3.0,0.4311982034783177,0.7312273
547,0.0,1.0,0.0,10.0,17.0,0.6445270689564364,0.75686
548,1.0,1.0,0.0,3.0,5.0,0.5947294925412188,0.6895819
549,0.0,4.0,0.0,3.0,5.0,0.930194273950184,0.7116403
550,0.0,2.0,0.0,5.0,9.0,0.5175159958287601,0.72799915
551,1.0,0.0,0.0,1.0,3.0,0.6801941886887235,0.6660156
552,0.0,2.0,0.0,7.0,11.0,0.7231350491754941,0.7418931
553,0.0,1.0,0.6692752625169598,4.0,5.0,0.5951080876641892,0.6577267
554,1.0,4.0,0.3755994629484503,3.0,7.0,0.787929858441025,0.6981941
555,0.0,4.0,1.0,3.0,3.0,0.6663639070068458,0.69101816
556,0.0,1.0,0.0,4.0,11.0,0.7180206983488998,0.7175158
557,1.0,4.0,0.28222386901799895,0.0,6.0,0.7481948338437604,0.7386579
558,0.0,0.0,0.0,1.0,0.0,0.9071520971999874,0.6903849
559,0.0,4.0,0.0,5.0,1.0,0.4832756691823894,0.6687437
560,0.0,5.0,0.0,4.0,3.0,0.6964618360336212,0.6892376
561,0.0,2.0,0.3242666283984957,9.0,11.0,0.6539602809069006,0.7293988
562,0.0,1.0,0.0,1.0,5.0,0.7775511435843073,0.7096638
563,0.0,2.0,0.13751857492084238,0.0,9.0,0.6503070416145902,0.7203174
564,0.0,2.0,0.3597017963034782,4.0,11.0,0.8285003731424907,0.7051858
565,0.0,6.0,0.283942836206759,3.0,8.0,0.9619457743214496,0.7278374
566,0.0,6.0,0.3815250751175041,6.0,2.0,0.6106289032453011,0.6730052
567,0.0,1.0,0.0,2.0,13.0,0.840020999257356,0.7151967
568,1.0,5.0,0.0,2.0,7.0,0.6150570800548799,0.683656
569,0.0,2.0,0.18496965619953715,2.0,7.0,0.7465464564544786,0.7119812
570,0.0,6.0,0.0,1.0,2.0,0.2359138545453737,0.701959
571,0.0,2.0,0.1933944019046542,4.0,9.0,0.5559285770458753,0.71361446
572,0.0,1.0,0.0,0.0,10.0,0.6885333803639595,0.7217543
573,0.0,3.0,0.0,2.0,4.0,0.8092131213741998,0.70845723
574,1.0,4.0,0.048474050021247564,5.0,5.0,0.3334050262335751,0.70871556
575,1.0,5.0,0.5450567517469912,2.0,4.0,0.7144786496319809,0.7152196
576,0.0,3.0,0.12671808795742254,2.0,10.0,0.9385803169947844,0.7250617
577,0.0,2.0,0.9475038919035224,0.0,1.0,0.6598099384421363,0.7721781
578,1.0,1.0,0.0,3.0,11.0,0.7753406690765596,0.669876
579,0.0,1.0,0.1868064192024706,3.0,3.0,0.4459052162106829,0.6962531
580,0.0,3.0,0.006573542483481396,1.0,2.0,0.6011903725147024,0.70543426
581,0.0,0.0,0.021952467876936624,3.0,5.0,0.4452683809572753,0.7020552
582,0.0,7.0,0.0,2.0,6.0,0.5102998092685773,0.7214861
583,1.0,0.0,0.7317492228564095,4.0,4.0,0.7228910753376321,0.6439791
584,0.0,2.0,0.0,4.0,1.0,0.6071487551747878,0.68187404
585,0.0,0.0,0.0,2.0,8.0,0.5515255768864588,0.6978834
586,0.0,0.0,1.0,6.0,14.0,0.18815617450592886,0.62266856
587,0.0,5.0,0.0,0.0,5.0,0.6341457780163824,0.7209596
588,0.0,2.0,0.0,4.0,8.0,0.8235472171135004,0.7226414
589,0.0,6.0,0.0,5.0,3.0,0.6745338804799965,0.68620926
590,0.0,1.0,0.8265582935896096,1.0,7.0,0.9376889942505,0.7223654
591,0.0,4.0,0.4528055841435177,6.0,11.0,0.5850760546093263,0.7195314
592,0.0,3.0,0.17455880157512055,0.0,5.0,0.7712279398128703,0.72304064
593,0.0,4.0,0.08495151119805862,1.0,2.0,0.8135486684706847,0.7119477
594,1.0,1.0,0.40025355398703777,0.0,9.0,0.5009709411680735,0.6765132
595,0.0,3.0,0.4341598569528209,0.0,9.0,0.7120046093102708,0.70316553
596,0.0,0.0,0.962958251819922,1.0,11.0,0.8463081713080721,0.6911006
597,0.0,1.0,0.0,1.0,5.0,0.6181889009027363,0.7096638
598,0.0,5.0,0.0,0.0,3.0,0.6530068292720357,0.71386135
599,0.0,6.0,0.21473847842376145,1.0,9.0,0.93585069683175,0.73923004
600,0.0,6.0,0.2070498871494085,1.0,9.0,0.21035476565561326,0.7395544
601,0.0,0.0,0.20681210706637526,6.0,5.0,0.4902519935493314,0.69768685
602,1.0,3.0,0.0,2.0,11.0,0.5584401256345854,0.6680913
603,1.0,3.0,0.0,1.0,3.0,0.5218169764058422,0.67699945
604,0.0,5.0,0.0,0.0,0.0,0.9855312753515248,0.70495754
605,0.0,7.0,0.0,5.0,8.0,0.9624946359819416,0.73454934
606,0.0,5.0,0.4824116368206316,3.0,6.0,1.0,0.7031185
607,1.0,5.0,0.2604590376997451,5.0,1.0,0.8630908650935651,0.71572554
608,1.0,4.0,0.3462750835347578,4.0,9.0,0.7343462652796778,0.699047
609,0.0,5.0,0.0,1.0,2.0,0.8082544787742398,0.7038968
610,1.0,4.0,0.0,0.0,5.0,0.7582416960974387,0.6808166
611,0.0,1.0,0.7908335861366088,1.0,1.0,0.7215265631769364,0.7436171
612,1.0,4.0,0.004532774384080854,2.0,2.0,0.9183394260845776,0.6845064
613,0.0,10.0,0.3435138617414655,5.0,1.0,0.6858460808849378,0.6828718
614,0.0,4.0,0.47923066140755394,7.0,2.0,0.7064859125181898,0.66743547
615,0.0,9.0,0.0,5.0,8.0,0.5352282122785402,0.7317257
616,1.0,1.0,0.0,2.0,0.0,0.5840670910915309,0.6707822
617,0.0,2.0,0.0,0.0,2.0,0.8756423962260669,0.7090323
618,0.0,5.0,0.0,4.0,13.0,0.6350717451534229,0.7534469
619,1.0,10.0,0.0,6.0,3.0,0.6570887770767209,0.6793929
620,0.0,6.0,0.0,0.0,1.0,0.9557175751329482,0.706775
621,0.0,0.0,0.0,2.0,10.0,0.8593936950127592,0.6987823
622,0.0,0.0,0.7068156969215679,1.0,14.0,0.3938197124873207,0.64378226
623,0.0,3.0,0.3624374687223464,2.0,9.0,0.28967105385933584,0.70778084
624,0.0,1.0,0.03998185237868162,2.0,4.0,0.5554331738533893,0.7071159
625,0.0,8.0,0.7889822055625427,2.0,1.0,0.37924754307080577,0.6969581
626,0.0,4.0,0.0,3.0,7.0,0.7104682652756329,0.7205067
627,0.0,0.0,0.09212981335512704,1.0,7.0,0.5316357706338315,0.7002733
628,0.0,7.0,0.16640571648545466,5.0,3.0,0.8827751585533553,0.6918943
629,0.0,4.0,0.0888444227081332,1.0,6.0,0.7255655869406904,0.72812444
630,0.0,0.0,0.0,1.0,3.0,0.8690901790819705,0.70233744
631,1.0,4.0,0.0,4.0,1.0,0.4100276953376412,0.70188546
632,0.0,0.0,0.11629950720122666,2.0,8.0,0.7095334995116612,0.69542485
633,0.0,6.0,0.6985717681238423,0.0,5.0,0.5328045668378074,0.7415031
634,1.0,6.0,0.0,0.0,6.0,0.7270636658149447,0.6887746
635,0.0,3.0,0.7739222717496831,2.0,10.0,0.5048678629340577,0.67485464
636,1.0,5.0,0.0,1.0,0.0,0.5943066102167872,0.694641
637,0.0,2.0,0.2848172394732873,2.0,1.0,0.8238541450273216,0.69990104
638,1.0,0.0,0.0,3.0,2.0,0.7250793293332042,0.68184286
639,0.0,3.0,0.0,0.0,2.0,0.8822492505261654,0.71021885
640,0.0,7.0,0.2331028604216644,4.0,9.0,0.9045674353017812,0.7391158
641,0.0,3.0,0.0,5.0,7.0,0.7798643917335905,0.7274849
642,0.0,0.0,0.0,1.0,5.0,0.825813177414203,0.7030387
643,1.0,3.0,0.0,3.0,7.0,0.8960170471273723,0.6957685
644,0.0,2.0,0.0,7.0,10.0,0.8583597588410323,0.74185616
645,0.0,7.0,0.6609793974388718,2.0,11.0,0.7176494492862748,0.7148564
646,0.0,3.0,0.0,1.0,0.0,0.3912561290750308,0.69140244
647,0.0,1.0,0.354090212055569,1.0,12.0,0.7287009773087967,0.697774
648,0.0,6.0,0.0,2.0,8.0,0.8762354298993078,0.73039496
649,0.0,3.0,0.8134605934703508,3.0,12.0,0.7657583924570237,0.67351156
650,1.0,0.0,0.0,8.0,8.0,0.7427177405662553,0.7094449
651,1.0,1.0,0.054277123047178535,4.0,5.0,1.0,0.70653653
652,0.0,4.0,0.3312879075080987,6.0,12.0,0.6665186812717536,0.73275286
653,0.0,0.0,0.2450045519457923,6.0,0.0,0.7359055305422644,0.6795624
654,0.0,1.0,0.16203095473586865,3.0,5.0,0.5920414240759947,0.70157754
655,0.0,4.0,0.0,6.0,0.0,0.8038501177595764,0.65956336
656,0.0,1.0,0.0,3.0,11.0,0.7864720422768976,0.7140348
657,0.0,6.0,0.19701958170187006,2.0,14.0,0.3027373687965051,0.75416183
658,0.0,4.0,0.0,0.0,6.0,0.7877549493306244,0.7231619
659,0.0,2.0,0.040005864820695534,1.0,8.0,0.8368649316689446,0.7191737
660,1.0,3.0,0.6949781932221436,5.0,6.0,0.12182248154553375,0.6369842
661,0.0,2.0,0.34773529679505216,4.0,5.0,0.6739961122449533,0.69013655
662,0.0,2.0,0.4934685003115371,0.0,4.0,0.7310355075553627,0.73773795
663,0.0,7.0,0.2568819496806358,0.0,10.0,0.816384582688126,0.7467783
664,0.0,4.0,0.0,0.0,14.0,0.7026643330040251,0.7487187
665,1.0,8.0,0.07167665051088781,5.0,7.0,0.8924104254989367,0.68977535
666,0.0,2.0,0.0,6.0,2.0,0.7999371158641825,0.68676263
667,0.0,4.0,0.5339533927577362,4.0,8.0,0.6531746279620086,0.69708014
668,0.0,8.0,0.6919803775166963,1.0,0.0,0.6991235426544274,0.7179925
669,1.0,5.0,0.8465474895626127,1.0,8.0,0.7737075043497015,0.6905536
670,0.0,1.0,0.6808186371371839,2.0,4.0,0.7783993431793108,0.7014011
671,0.0,0.0,0.0,2.0,7.0,0.4935232924938262,0.6985035
672,0.0,0.0,0.5863198840492823,1.0,4.0,0.8917903278130184,0.72942257
673,0.0,7.0,0.25699833275841044,0.0,6.0,0.70286144359136,0.7392813
674,0.0,1.0,0.0,0.0,3.0,0.7268763186789416,0.7083749
675,1.0,3.0,1.0,0.0,7.0,0.6193923622002613,0.74253136
676,0.0,1.0,0.42693103210023403,1.0,7.0,0.6489619323144733,0.6868974
677,1.0,1.0,0.0,2.0,6.0,0.5674698169550307,0.6776416
678,0.0,1.0,1.0,7.0,3.0,0.159401073320514,0.5865013
679,0.0,6.0,0.024195112058545614,4.0,13.0,0.6179310845073687,0.7570738
680,0.0,0.0,0.0,1.0,8.0,0.3799939329543499,0.70305634
681,0.0,1.0,0.0,0.0,4.0,0.8008353830271444,0.7106853
682,0.0,7.0,0.3753979471012313,4.0,8.0,0.8611062111117715,0.7255612
683,0.0,0.0,0.0,4.0,0.0,0.6496603167975791,0.6706754
684,1.0,0.0,0.3686590076654137,1.0,6.0,0.8928389840484567,0.68357724
685,1.0,1.0,0.7693434877678208,5.0,7.0,0.9289098539031636,0.6210686
686,0.0,1.0,0.0,3.0,0.0,0.7698542993477112,0.6796398
687,0.0,1.0,0.0,5.0,1.0,0.8403067485262136,0.67730695
688,1.0,3.0,0.31379611828454995,1.0,2.0,0.6494092346010989,0.73878276
689,0.0,4.0,0.0,0.0,8.0,0.5684497775738064,0.7283901
690,0.0,1.0,0.0,1.0,14.0,0.7962830271333863,0.7226114
691,0.0,0.0,0.19609538639423613,1.0,8.0,0.4333071509367271,0.69653124
692,0.0,5.0,0.0,2.0,15.0,0.8839433330391713,0.756485
693,0.0,1.0,0.0,3.0,11.0,0.5730650171022704,0.7140348
694,0.0,1.0,0.12068979361228398,1.0,6.0,0.7697912096397309,0.70864934
695,1.0,1.0,0.0,4.0,5.0,0.8145905164475602,0.7006049
696,1.0,0.0,0.0,5.0,4.0,0.831599089871524,0.7086942
697,1.0,7.0,0.17971007049976168,0.0,7.0,0.9804960060313169,0.72140837
698,0.0,1.0,0.26181190987745845,5.0,11.0,0.6170910173606463,0.71232957
699,1.0,6.0,0.3673002574240368,3.0,2.0,0.8210902602512893,0.72700804
700,1.0,1.0,0.0,4.0,3.0,0.7273735124456006,0.6949174
701,0.0,5.0,0.0,2.0,7.0,0.6135885375796286,0.7231853
702,1.0,6.0,0.2480907038676408,3.0,3.0,0.35516156290126216,0.71854997
703,0.0,2.0,0.14996252580480732,5.0,2.0,0.8165035271559341,0.6937744
704,0.0,6.0,0.0,5.0,9.0,0.894186809566201,0.74160874
705,0.0,3.0,0.4244274598837803,3.0,4.0,0.892490627627144,0.69253284
706,0.0,6.0,0.226259045224948,3.0,9.0,0.4952093042999242,0.7354943
707,1.0,2.0,0.5150251983491207,1.0,6.0,0.9142152861259338,0.6968769
708,0.0,3.0,0.0,3.0,12.0,1.0,0.735559
709,0.0,0.0,0.0,7.0,8.0,0.7776589112434362,0.72674286
710,0.0,1.0,0.2840148390301119,4.0,2.0,0.5779607994172972,0.68440145
711,1.0,0.0,0.0,1.0,10.0,0.8714457218274189,0.6468652
712,1.0,7.0,0.005248124016972264,5.0,11.0,0.050061278942397314,0.66759115
713,0.0,0.0,0.0,1.0,10.0,0.8368866131695427,0.7053901
714,1.0,0.0,1.0,5.0,7.0,0.9535532954620102,0.61178935
715,1.0,4.0,0.636454707755965,2.0,13.0,0.8571065061002969,0.6390288
716,1.0,4.0,0.06252448138228288,3.0,3.0,1.0,0.7049099
717,0.0,0.0,0.0,2.0,6.0,0.9559807480358185,0.69961154
718,0.0,6.0,0.6602113932048045,6.0,6.0,1.0,0.6859735
719,0.0,0.0,0.0,5.0,5.0,0.9533243754266882,0.7058308
720,0.0,8.0,0.0,8.0,0.0,0.7484353138710087,0.64809483
721,0.0,2.0,0.6492098236656879,0.0,4.0,0.729730905183733,0.7466703
722,1.0,4.0,0.0,3.0,6.0,0.3911073073961034,0.69393694
723,1.0,3.0,0.8589797184096535,3.0,7.0,0.7024916111100576,0.6415424
724,0.0,0.0,0.0,3.0,19.0,0.5630043009433539,0.72225815
725,0.0,3.0,0.0,2.0,3.0,0.7245320783807846,0.7045004
726,0.0,0.0,0.0,1.0,1.0,0.6843787408458734,0.69512284
727,0.0,3.0,0.0,5.0,8.0,0.6947519859048462,0.7314609
728,0.0,0.0,0.0,4.0,2.0,0.4916670668829895,0.6873548
729,0.0,8.0,0.4569980212394915,3.0,14.0,0.6689112197110957,0.7475301
730,0.0,2.0,0.0,4.0,6.0,0.8302993295168253,0.71590155
731,0.0,0.0,0.0,4.0,7.0,0.5928425131491157,0.7069095
732,0.0,3.0,0.0,3.0,9.0,0.8346822085745577,0.727074
733,0.0,0.0,0.0,0.0,8.0,1.0,0.7109759
734,1.0,3.0,0.8725334153838279,2.0,3.0,0.9132773800734404,0.7176378
735,0.0,0.0,0.492265094415956,0.0,10.0,0.9604532483716366,0.6857872
736,0.0,5.0,0.0,1.0,1.0,0.7067521344890209,0.6971209
737,0.0,7.0,0.2011484452792993,4.0,21.0,0.7981338779221568,0.78021425
738,0.0,4.0,0.09095392220785957,1.0,0.0,0.5930525165247068,0.70441836
739,0.0,8.0,1.0,1.0,0.0,0.6446785807515216,0.73222035
740,0.0,3.0,0.4889315634560867,1.0,9.0,0.5358453352535644,0.6940958
741,1.0,0.0,0.21328597500761207,6.0,3.0,0.8973021711695802,0.7209611
742,1.0,3.0,0.0,4.0,7.0,0.9513714053984138,0.69922084
743,0.0,5.0,0.3234912718268277,6.0,0.0,0.5256722445884635,0.65839094
744,1.0,1.0,0.3952738082874439,1.0,5.0,0.7542058623962229,0.7007817
745,0.0,0.0,0.0,6.0,3.0,0.6227658612710472,0.6850953
746,0.0,6.0,0.039059761396927566,3.0,9.0,0.7876159386769951,0.7379238
747,1.0,3.0,0.9362438146684918,1.0,12.0,0.06307001397356747,0.63698107
748,0.0,2.0,0.6291385062156667,1.0,10.0,0.5764827266542389,0.67529905
749,1.0,1.0,0.0,2.0,6.0,0.6874060471436886,0.6776416
750,1.0,4.0,0.4379122285792856,2.0,3.0,0.34847962676411764,0.72211486
751,0.0,2.0,0.0,4.0,8.0,0.6852160714315658,0.7226414
752,1.0,2.0,0.2295551647226108,2.0,3.0,0.6388482691200943,0.70602286
753,0.0,0.0,0.0,2.0,12.0,0.6343767342690866,0.7035227
754,0.0,2.0,0.0,4.0,7.0,0.4813306606566683,0.718953
755,0.0,1.0,0.08763866977929452,0.0,5.0,0.9840608064004228,0.7118955
756,0.0,2.0,0.0,4.0,7.0,0.6636755484771177,0.718953
757,1.0,2.0,0.0,2.0,3.0,0.6672252225363338,0.67855215
758,0.0,5.0,0.0,5.0,13.0,1.0,0.7585048
759,0.0,3.0,0.0,3.0,4.0,0.5152074612520037,0.7051783
760,0.0,1.0,0.0,1.0,10.0,0.521602065250628,0.7145564
761,1.0,2.0,0.4084102039047115,6.0,8.0,0.7849652919578503,0.6837854
762,0.0,2.0,0.3497625891752457,1.0,10.0,0.6246493998416524,0.70323205
763,0.0,3.0,0.2642444761748425,3.0,4.0,0.6541693380633663,0.701197
764,0.0,0.0,0.5418375464574564,5.0,6.0,0.694795729370729,0.6560645
765,0.0,0.0,0.38739168546966574,0.0,0.0,0.6735464327876408,0.75632507
766,0.0,2.0,0.0,5.0,4.0,1.0,0.7062229
767,1.0,1.0,0.5634976326262037,3.0,5.0,0.4025969506300479,0.6624343
768,0.0,0.0,0.0,3.0,3.0,0.7006749289719064,0.69623035
769,1.0,2.0,0.15405427259137178,3.0,0.0,0.4421770294616653,0.69792926
770,0.0,4.0,0.0,1.0,7.0,0.6172132840432593,0.72376096
771,1.0,6.0,0.7100914540007354,4.0,0.0,0.8672374284748048,0.7127779
772,0.0,1.0,0.21036037831161755,3.0,0.0,0.6115021987209595,0.6891912
773,0.0,4.0,0.7930143185146442,1.0,9.0,0.5951093943098216,0.69702023
774,0.0,1.0,0.4716956886062825,0.0,7.0,0.7362949358471025,0.71360826
775,0.0,9.0,0.0,1.0,4.0,0.7707809335930307,0.71123976
776,0.0,9.0,0.0,3.0,8.0,0.6332638991566912,0.73336
777,0.0,8.0,0.256524698593016,1.0,5.0,0.5600107559540828,0.73376864
778,0.0,2.0,0.0,0.0,3.0,0.7594376290432467,0.7107206
779,0.0,2.0,0.4796085984510521,3.0,3.0,0.8466387274447277,0.68580776
780,0.0,2.0,0.0,5.0,5.0,0.7188098477697903,0.71450764
781,0.0,2.0,0.2120415551415555,0.0,3.0,0.8994896506677016,0.7282399
782,0.0,2.0,0.3861795058797785,2.0,3.0,0.8967772897144408,0.69870466
783,0.0,0.0,0.4016191468989496,2.0,3.0,0.5217035990370011,0.69507
784,0.0,2.0,0.0,3.0,8.0,0.7252783153725921,0.7194412
785,1.0,0.0,0.1166284634381027,5.0,3.0,0.6391925335388797,0.71559596
786,0.0,0.0,0.0,3.0,5.0,0.8277929519873956,0.70250887
787,0.0,1.0,0.09216977672617403,4.0,9.0,1.0,0.70946395
788,0.0,1.0,0.0,2.0,0.0,0.8146530941200909,0.6883193
789,0.0,2.0,0.0834549062221104,0.0,3.0,0.8915811909894885,0.71973
790,0.0,3.0,0.0,4.0,12.0,0.6329604770416247,0.73938257
791,1.0,4.0,0.0,0.0,9.0,0.7392256272251599,0.6747109
792,0.0,2.0,0.4822915651928937,1.0,5.0,0.8484442977465212,0.7081808
793,0.0,8.0,0.35050234545860626,0.0,2.0,1.0,0.7440892
794,0.0,0.0,0.11067252464652222,4.0,6.0,0.2974700199583514,0.7011471
795,1.0,1.0,0.0,3.0,5.0,0.8063075151856389,0.6895819
796,0.0,4.0,0.0592271279888831,0.0,2.0,1.0,0.7214524
797,1.0,4.0,0.5970692663186805,4.0,8.0,0.6432721432320577,0.6547107
798,0.0,2.0,0.704372052437754,0.0,14.0,0.3743814395438901,0.6686799
799,0.0,1.0,0.0,3.0,10.0,0.6947539118789865,0.7122289
800,0.0,8.0,0.2526640502481589,4.0,4.0,0.9838642821745966,0.710476
801,0.0,1.0,0.0,0.0,13.0,1.0,0.72478306
802,1.0,6.0,0.9567834208778268,0.0,6.0,0.31936097418344306,0.7527324
803,0.0,2.0,0.0,3.0,13.0,0.6058293932548695,0.7280648
804,0.0,0.0,0.0,1.0,11.0,0.4612411692798513,0.70618725
805,0.0,4.0,0.2962034387209657,0.0,4.0,0.8397917752467091,0.72942424
806,0.0,1.0,0.0,6.0,4.0,0.9025390267477541,0.7030857
807,1.0,1.0,0.6272784954175201,0.0,10.0,0.5562771064466917,0.6684132
808,0.0,1.0,0.5910471240110402,0.0,1.0,0.5816594775615428,0.7610264
809,0.0,0.0,0.0,3.0,2.0,0.7457205531903882,0.6915742
810,1.0,2.0,0.4113203099756362,1.0,6.0,0.793738098290668,0.70012164
811,1.0,3.0,0.1929863642042101,6.0,2.0,0.8178907799684173,0.7227857
812,0.0,1.0,0.4908910816281152,4.0,3.0,0.7924476368720965,0.67520183
813,0.0,4.0,0.0,2.0,3.0,0.3104441050696747,0.7053044
814,0.0,2.0,0.0,6.0,11.0,0.7254425099689591,0.7348466
815,0.0,0.0,0.33496578489329665,2.0,1.0,0.7820132134327477,0.7027754
816,0.0,1.0,0.0,6.0,10.0,0.6724597755822627,0.7281943
817,1.0,1.0,1.0,0.0,20.0,0.82997674160453,0.5827453
818,1.0,1.0,1.0,1.0,21.0,0.5964934777296577,0.5613455
819,0.0,9.0,0.9855069631261544,0.0,0.0,0.5113281190327016,0.75644004
820,0.0,1.0,0.4607523777582794,0.0,4.0,0.2499306945109308,0.73699546
821,0.0,3.0,0.4118979791179036,3.0,8.0,0.6881577128160937,0.7006096
822,0.0,2.0,0.0,8.0,11.0,0.7279959786778043,0.74806046
823,0.0,0.0,0.482398211954616,0.0,17.0,0.4889726869960613,0.68224967
824,0.0,4.0,0.3267576746503276,0.0,0.0,0.43303014720515104,0.7395415
825,1.0,5.0,0.2637037439397014,0.0,3.0,0.478477604073392,0.7554042
826,0.0,0.0,0.0,8.0,16.0,0.6309068644084636,0.73744285
827,1.0,2.0,0.0,0.0,12.0,0.8546124123180233,0.645788
828,1.0,2.0,0.0,6.0,0.0,0.7757184183687574,0.7099068
829,1.0,3.0,0.0,1.0,1.0,0.8231188715153996,0.68129385
830,0.0,1.0,0.9880457782416272,4.0,3.0,0.7809604773987497,0.654083
831,0.0,0.0,0.15172459594818702,5.0,5.0,0.6125658985572621,0.7004779
832,0.0,2.0,0.9059325752666726,1.0,7.0,0.6956616704416075,0.7271663
833,1.0,2.0,0.0,4.0,1.0,0.4532050398362482,0.69226885
834,0.0,6.0,0.0,3.0,4.0,0.4993403655635049,0.7047409
835,0.0,6.0,0.03531811338788027,4.0,17.0,0.8934898761029069,0.77116317
836,0.0,6.0,0.0,2.0,1.0,0.3836932228082104,0.6859124
837,1.0,1.0,0.0,0.0,5.0,0.6670751612578453,0.66356844
838,1.0,3.0,0.0,0.0,9.0,0.5207009895018532,0.6674506
839,0.0,5.0,0.28304983704193465,4.0,4.0,0.5884899488777239,0.69855803
840,0.0,0.0,0.5235103494363765,3.0,6.0,0.7013446275954011,0.67140955
841,1.0,3.0,0.10552403632154338,4.0,10.0,1.0,0.69238335
842,0.0,5.0,0.828252470987683,5.0,7.0,0.4764828557326213,0.6790172
843,0.0,2.0,0.0,7.0,1.0,0.8452251518847941,0.6726659
844,0.0,4.0,0.0,4.0,16.0,0.8307442881938047,0.7557886
845,1.0,1.0,1.0,3.0,3.0,0.8194738459586722,0.70911705
846,0.0,4.0,0.3683831075797391,3.0,17.0,0.6953037015850264,0.7371586
847,1.0,5.0,0.30418769712350885,2.0,6.0,0.654940092859613,0.7222367
848,0.0,3.0,0.0,4.0,14.0,0.7779067427987523,0.7431848
849,0.0,4.0,0.0,3.0,0.0,0.40297585194557534,0.67153704
850,0.0,7.0,1.0,4.0,1.0,0.5204059067378792,0.6711283
851,0.0,0.0,0.24171273019824885,4.0,11.0,0.8526610233694973,0.6988131
852,0.0,1.0,0.3587790769347834,1.0,2.0,0.6062233810376436,0.7209281
853,1.0,8.0,0.0,6.0,7.0,0.8625991017408159,0.68129706
854,0.0,3.0,0.306186645793839,5.0,6.0,0.1861120521697912,0.7004669
855,0.0,4.0,0.0,1.0,6.0,0.2891970172590364,0.7201465
856,0.0,1.0,0.0,1.0,6.0,0.6759176900411382,0.71057445
857,0.0,5.0,0.0,1.0,7.0,0.2448435673977174,0.7256186
858,0.0,0.0,0.0,0.0,13.0,1.0,0.7134459
859,0.0,3.0,0.6398525054996064,4.0,15.0,0.728229853465596,0.69948494
860,0.0,8.0,0.02720436557676731,2.0,4.0,0.6438087107866957,0.7099639
861,0.0,0.0,0.4651529177411826,0.0,3.0,0.7593611902580376,0.74630016
862,0.0,0.0,0.051983418914639735,1.0,1.0,0.8791351377148117,0.70805764
863,0.0,0.0,0.6882691611635412,1.0,7.0,0.6543341573955846,0.70561785
864,0.0,4.0,0.18137145340622074,4.0,3.0,0.7279456162123273,0.6961453
865,1.0,6.0,0.5207220305084234,3.0,3.0,1.0,0.7195669
866,0.0,6.0,0.4294760086025965,4.0,6.0,0.7725641967116592,0.7054809
867,0.0,5.0,0.3895695372587173,0.0,0.0,1.0,0.73875755
868,0.0,8.0,0.0,0.0,6.0,0.8126577548938011,0.729851
869,1.0,3.0,0.14171822341784018,9.0,1.0,0.7355800027530934,0.7265701
870,1.0,3.0,1.0,1.0,0.0,0.5301034742342925,0.7872999
871,0.0,3.0,0.11735328624260605,2.0,9.0,0.2144208411754152,0.7231363
872,0.0,0.0,0.4145996054988702,2.0,11.0,0.6353989322974141,0.68304056
873,0.0,1.0,0.11439388502379967,2.0,7.0,0.5044883738173506,0.70591843
874,1.0,0.0,0.6014783935128991,0.0,4.0,0.8068564003275803,0.7325462
875,1.0,2.0,0.0,5.0,1.0,0.7305182255522052,0.7030464
876,0.0,2.0,0.14049791406323686,0.0,4.0,0.6603471135357052,0.7192705
877,1.0,1.0,0.8870008437164854,1.0,17.0,0.7599715487223813,0.5849136
878,0.0,0.0,0.1203950593164457,1.0,11.0,0.8341534926939262,0.7033553
879,0.0,1.0,1.0,0.0,14.0,0.6383504380396439,0.6943965
880,0.0,8.0,0.4023046568623408,1.0,1.0,0.5823280008357342,0.7234454
881,1.0,6.0,0.0,0.0,10.0,0.8045133348155352,0.68271625
882,0.0,6.0,0.0,3.0,6.0,0.9372953822726916,0.7184731
883,0.0,3.0,0.17217077466527092,4.0,3.0,0.4591145470332123,0.69408756
884,0.0,0.0,0.0,4.0,7.0,0.8232387514656568,0.7069095
885,0.0,4.0,0.0,0.0,5.0,0.6079616657212743,0.71952236
886,0.0,5.0,0.5276985279246349,3.0,2.0,0.7409729468779748,0.68631154
887,0.0,6.0,1.0,2.0,8.0,0.634240939377212,0.7048815
888,0.0,0.0,0.4640125223381715,1.0,5.0,1.0,0.70730376
889,0.0,2.0,0.04233330377374493,6.0,11.0,1.0,0.7346517
890,0.0,1.0,0.13658908721090918,5.0,5.0,0.4252301735896327,0.7037354
891,1.0,2.0,0.5167626692769559,6.0,8.0,0.6494163359654112,0.6634483
892,0.0,2.0,0.23416973812397054,0.0,9.0,0.8344240449702711,0.71246195
893,0.0,2.0,0.0,4.0,7.0,0.5977102449653772,0.718953
894,0.0,7.0,0.0,6.0,5.0,0.6447544104011369,0.70614034
895,1.0,6.0,0.113728854114036,0.0,1.0,0.46270409536755,0.7298705
896,0.0,2.0,0.8286410525635074,0.0,6.0,0.7773209393100438,0.7472795
897,0.0,0.0,0.0,0.0,0.0,0.7473617024583448,0.7073845
898,0.0,4.0,0.0,4.0,12.0,0.8209707373243237,0.7467896
899,0.0,1.0,0.4905272501661146,0.0,10.0,0.6066113777808707,0.68576103
900,0.0,5.0,0.12729705898801302,0.0,8.0,0.6398945760077747,0.73776186
901,1.0,4.0,0.0,0.0,10.0,0.8325614339550557,0.6708218
902,1.0,2.0,0.3835013151944613,3.0,3.0,0.6807788869161875,0.6947304
903,0.0,6.0,0.0,0.0,4.0,0.7679312729965456,0.7187572
904,0.0,3.0,0.15669369226452828,6.0,14.0,0.9006732626260409,0.7416203
905,1.0,4.0,0.0,1.0,6.0,0.7208187265900186,0.68075997
906,0.0,4.0,0.12641793152623387,0.0,9.0,0.7282854899415319,0.73493254
907,0.0,5.0,0.0,3.0,1.0,0.4569488948358649,0.67968076
908,0.0,2.0,0.21758849087787,8.0,0.0,0.7292300061004001,0.67974496
909,0.0,3.0,0.11354083241128775,3.0,3.0,0.5159079763270932,0.70348203
910,0.0,6.0,0.0,1.0,11.0,0.6161717930945705,0.74390715
911,1.0,1.0,0.0,1.0,2.0,0.7099038069600613,0.6691537
912,0.0,3.0,0.0,5.0,5.0,0.5908097861604142,0.7135782
913,1.0,3.0,0.3996051876641934,1.0,3.0,0.9022690923700808,0.73161256
914,1.0,2.0,0.5376692513868997,2.0,3.0,1.0,0.69948876
915,0.0,7.0,0.0,5.0,2.0,1.0,0.6720722
916,0.0,5.0,0.0,5.0,5.0,0.6854087315787131,0.7100706
917,0.0,4.0,0.18464818642505976,0.0,7.0,0.6208733669892866,0.7304726
918,0.0,1.0,0.0,2.0,11.0,0.8426082217919327,0.7121159
919,1.0,3.0,0.0,5.0,7.0,0.9909283897280996,0.702016
920,0.0,0.0,0.0,3.0,0.0,0.6392828341397719,0.6763509
921,0.0,1.0,0.29728353123355056,1.0,5.0,0.92170277301111,0.69959086
922,0.0,3.0,0.6072760964934645,3.0,7.0,0.6586386758489216,0.6871614
923,1.0,4.0,0.0,2.0,5.0,0.456076645174566,0.6882514
924,0.0,4.0,0.0,0.0,8.0,0.7993048672617998,0.7283901
925,1.0,6.0,0.13423429417769875,2.0,1.0,0.6731622551261466,0.72205055
926,0.0,2.0,0.0,3.0,0.0,0.8351084292034402,0.68173504
927,0.0,7.0,0.0,5.0,1.0,0.9849930500156592,0.6600869
928,0.0,1.0,0.3973954905420466,1.0,8.0,0.6979144060071301,0.6873789
929,0.0,6.0,0.1396837148534782,0.0,3.0,0.6953148627059421,0.7322481
930,1.0,3.0,0.0,3.0,12.0,1.0,0.6684444
931,0.0,1.0,0.0,4.0,6.0,0.771930709571611,0.71229583
932,1.0,0.0,0.2615780353227361,5.0,7.0,0.5005783781361683,0.6980052
933,0.0,0.0,0.0,3.0,9.0,0.4846409543671752,0.69895816
934,1.0,1.0,0.5778897072644162,0.0,4.0,0.6711917678740351,0.73349243
935,1.0,5.0,0.0,2.0,10.0,0.9814724783260544,0.67380726
936,0.0,3.0,1.0,3.0,0.0,0.4826357542766195,0.6975915
937,0.0,6.0,0.4274358456315277,1.0,1.0,0.7523173157920949,0.7167134
938,1.0,5.0,0.0,1.0,7.0,0.7909257204461015,0.6802922
939,0.0,3.0,1.0,1.0,0.0,0.8224037556047324,0.74851996
940,1.0,3.0,0.20024873715269811,1.0,9.0,0.8437487835171054,0.6867272
941,1.0,1.0,0.5271246804012392,0.0,5.0,0.7475691008755058,0.7198347
942,0.0,6.0,0.6242946226391084,0.0,4.0,0.8200950062219832,0.7406904
943,1.0,3.0,0.0,1.0,11.0,0.6027816084548449,0.6604333
944,0.0,1.0,0.2530636970101934,0.0,2.0,0.7037475045693636,0.73467946
945,1.0,6.0,0.3060375411909924,0.0,8.0,1.0,0.7345307
946,0.0,6.0,0.0,2.0,12.0,0.4674501688063796,0.74803984
947,1.0,7.0,1.0,0.0,4.0,0.8463129410164789,0.78019905
948,1.0,0.0,0.2710275025006015,4.0,7.0,0.2217260426104497,0.6908132
949,1.0,3.0,0.06874076879648508,6.0,4.0,0.7210195206013983,0.71875155
950,0.0,7.0,0.3102671958705766,2.0,13.0,1.0,0.7530208
951,1.0,2.0,0.0,5.0,1.0,0.7720264905296048,0.7030464
952,1.0,3.0,0.045083559594432686,3.0,6.0,0.9535749382965628,0.7032159
953,1.0,4.0,0.06482777091651827,2.0,9.0,0.7794922804021717,0.68886906
954,0.0,5.0,0.0,1.0,4.0,0.5526525525383819,0.71462965
955,0.0,5.0,0.2983827703577691,2.0,5.0,0.2466829612699796,0.7149638
956,0.0,1.0,0.0,1.0,7.0,0.7146674057183309,0.71109647
957,0.0,5.0,0.0,3.0,8.0,0.5639137933224103,0.7271286
958,1.0,3.0,0.1965262747662882,2.0,9.0,0.8176696746767035,0.6896587
959,0.0,4.0,0.22097520492051995,0.0,7.0,0.6902234055959884,0.7277378
960,0.0,2.0,0.0,1.0,7.0,0.8905458246437987,0.7176666
961,0.0,1.0,0.0,4.0,4.0,0.5079791810504551,0.7054738
962,0.0,3.0,0.4919586278971868,2.0,5.0,0.6473223050551176,0.69906384
963,0.0,0.0,0.1652594620113389,2.0,4.0,0.5018036155080494,0.7008533
964,0.0,0.0,0.3172462298775328,1.0,5.0,0.5656406749548519,0.69724137
965,1.0,4.0,0.4328963935898616,4.0,10.0,0.6965899075719794,0.67854136
966,0.0,6.0,0.0,6.0,7.0,0.841403613304909,0.727968
967,0.0,5.0,0.6779249961597339,0.0,4.0,0.4313256268859079,0.74416447
968,1.0,1.0,0.0,5.0,6.0,0.09070151731446184,0.70978177
969,0.0,5.0,0.0,0.0,9.0,0.5149081553854652,0.73369336
970,0.0,6.0,0.0,2.0,2.0,0.991958866771464,0.69639647
971,0.0,2.0,0.6564721323783516,1.0,2.0,0.7697837712542128,0.7280826
972,0.0,0.0,0.0,3.0,2.0,0.6869487604525196,0.6915742
973,0.0,3.0,0.0,1.0,15.0,0.6102439501081287,0.74372196
974,1.0,2.0,0.6700340763640941,2.0,4.0,0.6368749346362217,0.69224405
975,0.0,4.0,0.1992053319851197,4.0,6.0,0.7887009953471784,0.712576
976,1.0,4.0,0.0,1.0,3.0,0.742266965521611,0.68111885
977,0.0,0.0,0.3975591243830756,6.0,14.0,1.0,0.7103357
978,0.0,1.0,0.02420722425449355,0.0,12.0,0.8450604416629492,0.7238766
979,0.0,1.0,0.10462736788042837,2.0,6.0,0.5957739930376755,0.70667595
980,0.0,7.0,0.3739291169594903,2.0,1.0,0.7355308656904647,0.70654356
981,0.0,1.0,1.0,2.0,3.0,0.8589735413705345,0.71322113
982,1.0,4.0,0.0,1.0,2.0,0.35311866953099186,0.68325806
983,0.0,8.0,0.0,6.0,4.0,0.6924729856503078,0.6927214
984,0.0,3.0,0.5806698046955368,2.0,1.0,0.5364478605837296,0.69760996
985,1.0,5.0,0.6941186704295476,1.0,5.0,0.5703703686590038,0.7208437
986,0.0,2.0,0.0,1.0,7.0,0.27306961629799115,0.7176666
987,1.0,2.0,0.3742861161444907,7.0,1.0,0.7713073749381372,0.7145031
988,0.0,1.0,0.2908516212178357,0.0,11.0,0.7294171942971396,0.7027349
989,0.0,5.0,1.0,4.0,9.0,0.8977068740331157,0.6900843
990,0.0,0.0,0.0,3.0,4.0,0.421980977853304,0.69964814
991,1.0,3.0,0.02219802499787793,2.0,14.0,0.5117069538021436,0.65048605
992,0.0,2.0,0.5964813121542033,0.0,14.0,0.600779100108063,0.6783164
993,0.0,7.0,0.2366018221514907,1.0,2.0,0.5641713058689214,0.7277004
994,0.0,0.0,0.23219987241965964,4.0,9.0,0.8155094381657679,0.69729567
995,1.0,6.0,0.7922487447055068,2.0,7.0,0.8431038973737071,0.68214697
996,0.0,3.0,0.5577886323447563,2.0,8.0,0.8836380912986813,0.6879745
997,0.0,3.0,0.2436631673288983,1.0,17.0,0.8312510916217659,0.7395266
998,0.0,4.0,0.4811299898912412,1.0,0.0,0.7637266614057528,0.7188944
999,0.0,2.0,0.0,4.0,3.0,0.3478825730351245,0.6979635
