task_id,start_time,end_time,music,num_interruptions,workspace_volume,num_meetings,num_breaks,progress
1000.0,1541290912671.0,1541290912929.0,0.0,7.0,0.21055644691385622,1.0,8.0,0.6969148132378917
1001.0,1541290912476.0,1541290912395.0,0.0,0.0,0.0,5.0,1.0,0.5817279262991893
1002.0,1541290911845.0,1541290912308.0,0.0,6.0,0.0,0.0,3.0,0.8144990873431786
1003.0,1541290912712.0,1541290912864.0,0.0,2.0,0.0,4.0,6.0,0.6304732676446295
1004.0,1541290911904.0,1541290912263.0,0.0,6.0,0.17299557795040582,2.0,9.0,0.5493129394168674
1005.0,1541290911552.0,1541290912542.0,0.0,4.0,0.0,5.0,11.0,0.9356762052991574
1006.0,1541290912734.0,1541290913362.0,0.0,0.0,0.741426477314818,1.0,2.0,0.4163427190729084
1007.0,1541290912117.0,1541290913338.0,0.0,0.0,0.0,5.0,14.0,0.6791099804582383
1008.0,1541290912006.0,1541290912216.0,1.0,4.0,0.0,7.0,5.0,0.6404421694359059
1009.0,1541290911873.0,1541290911777.0,1.0,4.0,0.0,0.0,3.0,0.7872122648047951
1010.0,1541290911785.0,1541290912698.0,1.0,0.0,0.5366737196005354,1.0,3.0,0.5411193387987605
1011.0,1541290911856.0,1541290912219.0,0.0,4.0,1.0,0.0,6.0,0.7720416041646163
1012.0,1541290911987.0,1541290912110.0,1.0,4.0,0.0,0.0,6.0,0.7894790933079496
1013.0,1541290912325.0,1541290912812.0,0.0,4.0,0.01415685062110135,2.0,8.0,0.7350842849765099
1014.0,1541290912465.0,1541290912639.0,0.0,2.0,0.39192512914694566,1.0,2.0,0.8267749129023692
1015.0,1541290912600.0,1541290912753.0,1.0,3.0,0.28948462491651483,3.0,5.0,0.9517351457779706
1016.0,1541290911703.0,1541290912371.0,1.0,6.0,0.0,1.0,8.0,0.737457268083093
1017.0,1541290912376.0,1541290912419.0,0.0,2.0,0.0,1.0,0.0,0.00882470114977374
1018.0,1541290912049.0,1541290912359.0,0.0,3.0,0.22012414186157137,6.0,5.0,0.9543047781934044
1019.0,1541290912328.0,1541290913242.0,1.0,5.0,0.30305060593671895,3.0,11.0,0.9285155590462928
1020.0,1541290911980.0,1541290912593.0,1.0,1.0,0.07379307454360197,2.0,6.0,0.692227877076972
1021.0,1541290912216.0,1541290912603.0,0.0,0.0,0.8281168862574154,1.0,11.0,0.7449209209754456
1022.0,1541290912498.0,1541290913398.0,0.0,5.0,0.023123703909594936,5.0,4.0,0.5609606733458237
1023.0,1541290912700.0,1541290912647.0,1.0,2.0,0.0,8.0,5.0,0.535718095500511
1024.0,1541290911456.0,1541290912115.0,0.0,9.0,0.5781379171882228,5.0,3.0,0.5472819039893256
1025.0,1541290911834.0,1541290912483.0,1.0,1.0,0.1862084531975821,4.0,1.0,0.6261262311560709
1026.0,1541290911993.0,1541290913450.0,0.0,3.0,0.44691012665062146,1.0,3.0,0.8045296150468396
1027.0,1541290911933.0,1541290912480.0,1.0,0.0,0.595633138736525,1.0,6.0,0.9900508260522523
1028.0,1541290912391.0,1541290913357.0,0.0,1.0,0.5853216605117278,2.0,1.0,0.6287230533364949
1029.0,1541290913122.0,1541290913443.0,0.0,2.0,1.0,0.0,4.0,0.8589417364607872
1030.0,1541290911370.0,1541290912457.0,0.0,0.0,0.0,1.0,8.0,0.8564967078002584
1031.0,1541290911272.0,1541290911911.0,0.0,5.0,0.0,2.0,6.0,0.5817842477768245
1032.0,1541290911858.0,1541290912749.0,0.0,0.0,0.7325950738079011,2.0,6.0,0.3684110251406519
1033.0,1541290911702.0,1541290912169.0,0.0,7.0,0.0,6.0,1.0,0.7980670074263423
1034.0,1541290912067.0,1541290912061.0,0.0,4.0,0.0,6.0,6.0,0.6371506704319211
1035.0,1541290912302.0,1541290912727.0,0.0,3.0,0.0,2.0,5.0,0.7594103538997652
1036.0,1541290912141.0,1541290913125.0,0.0,2.0,0.0,3.0,4.0,0.6901261011320932
1037.0,1541290912200.0,1541290912872.0,1.0,6.0,0.0,5.0,4.0,0.7215396288985001
1038.0,1541290911868.0,1541290912121.0,1.0,3.0,0.31806715912792827,3.0,9.0,0.5950547922363805
1039.0,1541290912240.0,1541290912319.0,0.0,1.0,0.28545571788732405,3.0,1.0,0.49121270625029817
1040.0,1541290911978.0,1541290912968.0,0.0,7.0,0.12211208324459794,2.0,14.0,0.8126559334757597
1041.0,1541290912472.0,1541290912775.0,0.0,0.0,0.44239520397979004,4.0,9.0,0.6947933559304262
1042.0,1541290911789.0,1541290911901.0,0.0,3.0,0.14806379109904336,9.0,6.0,1.0
1043.0,1541290911309.0,1541290912101.0,1.0,0.0,0.6316629175013747,6.0,1.0,0.9342168516410889
1044.0,1541290912638.0,1541290913356.0,0.0,5.0,0.2667678354360604,0.0,3.0,0.5712565556706535
1045.0,1541290911868.0,1541290912811.0,1.0,2.0,0.21328631998925637,0.0,5.0,0.5739533522210063
1046.0,1541290911854.0,1541290912730.0,1.0,1.0,0.8992906679231334,0.0,7.0,0.35272873090256046
1047.0,1541290912682.0,1541290912892.0,1.0,8.0,0.0,1.0,4.0,0.48674067041527835
1048.0,1541290911883.0,1541290912392.0,0.0,0.0,0.15182571698241037,4.0,12.0,0.5796590167142368
1049.0,1541290911872.0,1541290912505.0,1.0,8.0,0.0,1.0,8.0,0.6792807857082342
1050.0,1541290912045.0,1541290913029.0,0.0,5.0,0.0,3.0,4.0,0.659044619757325
1051.0,1541290912116.0,1541290912409.0,0.0,6.0,0.041957251395152044,4.0,2.0,0.1563073270544869
1052.0,1541290911738.0,1541290912320.0,0.0,6.0,0.09830278859399776,3.0,5.0,0.5249844756029662
1053.0,1541290912262.0,1541290912507.0,0.0,3.0,0.5609791328040957,1.0,5.0,0.9208207847775427
1054.0,1541290912200.0,1541290913105.0,1.0,3.0,0.20139188097092814,2.0,5.0,0.5366590669376208
1055.0,1541290912333.0,1541290913570.0,0.0,0.0,0.0,5.0,0.0,0.17999832039213925
1056.0,1541290912032.0,1541290912458.0,1.0,1.0,0.0,0.0,5.0,0.9793849547803122
1057.0,1541290911611.0,1541290912705.0,0.0,5.0,0.7501737278620259,0.0,10.0,0.6883881279693933
1058.0,1541290912044.0,1541290912153.0,1.0,0.0,0.0,2.0,9.0,0.3412244544670468
1059.0,1541290911219.0,1541290911426.0,0.0,0.0,0.2752572748689339,2.0,5.0,0.27430006656389694
1060.0,1541290911765.0,1541290912738.0,0.0,5.0,0.07464340601003293,3.0,8.0,0.6660694794280477
1061.0,1541290911681.0,1541290912088.0,0.0,2.0,0.45100739501790144,4.0,6.0,1.0
1062.0,1541290911416.0,1541290911841.0,0.0,5.0,0.0,0.0,7.0,1.0
1063.0,1541290911491.0,1541290912443.0,0.0,3.0,0.0,1.0,14.0,0.5677522923277324
1064.0,1541290911593.0,1541290912334.0,0.0,0.0,1.0,4.0,4.0,0.6447871849956349
1065.0,1541290911619.0,1541290911921.0,1.0,3.0,0.039418593598010476,9.0,4.0,0.4138727942127842
1066.0,1541290912219.0,1541290912937.0,1.0,1.0,0.0,4.0,8.0,0.7848744542564656
1067.0,1541290911892.0,1541290912392.0,1.0,4.0,0.2589470322597188,0.0,6.0,0.7439907440387828
1068.0,1541290911739.0,1541290912106.0,0.0,2.0,0.8871658442747763,0.0,3.0,0.7028107963702936
1069.0,1541290912519.0,1541290913152.0,0.0,1.0,0.5331422786871802,0.0,7.0,0.6570961158385968
1070.0,1541290911904.0,1541290912514.0,0.0,2.0,0.6276781514764074,0.0,5.0,0.49923051954345743
1071.0,1541290912146.0,1541290913140.0,0.0,8.0,0.0,0.0,4.0,0.7821733333595303
1072.0,1541290912430.0,1541290913136.0,0.0,1.0,0.0,0.0,13.0,0.9047042503031574
1073.0,1541290912468.0,1541290912643.0,0.0,4.0,0.4383019773012501,5.0,10.0,0.873375875782132
1074.0,1541290912555.0,1541290913111.0,0.0,7.0,0.23786639369704743,6.0,0.0,0.8129372028018043
1075.0,1541290911346.0,1541290911603.0,1.0,8.0,0.9141909945497213,1.0,1.0,1.0
1076.0,1541290911618.0,1541290912680.0,1.0,4.0,0.0,2.0,10.0,0.8752817216828479
1077.0,1541290912588.0,1541290912845.0,1.0,2.0,0.0,3.0,6.0,0.6228830248952707
1078.0,1541290911306.0,1541290911281.0,1.0,2.0,0.3326822527244111,0.0,15.0,0.4912436603371017
1079.0,1541290912036.0,1541290912582.0,0.0,4.0,0.0,2.0,10.0,0.4237182576124017
1080.0,1541290911374.0,1541290911929.0,0.0,6.0,0.0,2.0,8.0,1.0
1081.0,1541290911614.0,1541290912240.0,0.0,6.0,0.43856688536659727,2.0,1.0,0.8670890036868919
1082.0,1541290911654.0,1541290912136.0,0.0,5.0,0.30907870511237345,0.0,2.0,0.9597759489278128
1083.0,1541290911914.0,1541290912104.0,1.0,4.0,0.8876311002944461,1.0,10.0,0.33896880968217924
1084.0,1541290912257.0,1541290912142.0,0.0,5.0,0.0,0.0,11.0,0.6853119594587815
1085.0,1541290911860.0,1541290912345.0,1.0,0.0,0.0,6.0,7.0,0.7442866347508449
1086.0,1541290912275.0,1541290913105.0,0.0,3.0,0.0,5.0,7.0,0.9734348201860216
1087.0,1541290911618.0,1541290912019.0,1.0,4.0,0.0,3.0,1.0,0.6622372085611523
1088.0,1541290911755.0,1541290912243.0,0.0,2.0,0.0,0.0,3.0,0.7296846296981964
1089.0,1541290911395.0,1541290911401.0,0.0,3.0,0.0,3.0,16.0,0.8135394886102472
1090.0,1541290912042.0,1541290911937.0,0.0,7.0,0.06733453083232098,7.0,1.0,0.9289043912210889
1091.0,1541290912130.0,1541290912964.0,0.0,0.0,0.33825175885440995,1.0,21.0,0.42748656022622017
1092.0,1541290912448.0,1541290912696.0,0.0,2.0,0.6658408171801794,2.0,6.0,0.4162634795793726
1093.0,1541290913218.0,1541290912995.0,0.0,1.0,0.31756302712595696,2.0,12.0,0.9629958687671492
1094.0,1541290912322.0,1541290912985.0,0.0,2.0,0.0,5.0,14.0,0.4545236613682686
1095.0,1541290912318.0,1541290912329.0,0.0,4.0,0.21143897542505746,4.0,5.0,0.4950972050402451
1096.0,1541290911838.0,1541290913386.0,0.0,6.0,0.3463586897367076,1.0,1.0,0.7540556096848627
1097.0,1541290912003.0,1541290912818.0,0.0,3.0,0.3188143782469285,3.0,14.0,0.35339607321925953
1098.0,1541290911601.0,1541290912374.0,0.0,9.0,0.44542643840008245,1.0,3.0,1.0
1099.0,1541290911839.0,1541290912304.0,0.0,2.0,0.6758058132335216,2.0,9.0,0.7750439913564643
1100.0,1541290911632.0,1541290912090.0,0.0,1.0,0.48577776235654413,0.0,5.0,0.7697776098217666
1101.0,1541290911623.0,1541290912101.0,0.0,0.0,0.00837923372931755,2.0,4.0,0.5525339207571995
1102.0,1541290912649.0,1541290912843.0,0.0,4.0,0.05095017097059935,3.0,12.0,0.5989210756378384
1103.0,1541290912304.0,1541290913406.0,0.0,2.0,0.39674797320095057,1.0,11.0,0.975795785306123
1104.0,1541290912437.0,1541290913235.0,1.0,2.0,0.7937835524269702,1.0,1.0,0.8788119518382868
1105.0,1541290912140.0,1541290912609.0,0.0,2.0,0.26447839600276213,0.0,4.0,0.9816931795577863
1106.0,1541290912751.0,1541290912925.0,0.0,5.0,0.05393818647623528,0.0,6.0,0.4174135108155493
1107.0,1541290912038.0,1541290912868.0,1.0,1.0,0.0,5.0,8.0,0.3801663848293912
1108.0,1541290912583.0,1541290913503.0,0.0,5.0,0.2595664926106943,0.0,4.0,0.7587762309191602
1109.0,1541290912523.0,1541290913625.0,0.0,4.0,0.0,1.0,10.0,0.8713365097392904
1110.0,1541290912019.0,1541290912154.0,0.0,5.0,0.19169104706589357,1.0,3.0,0.2363981993444919
1111.0,1541290912360.0,1541290912359.0,0.0,0.0,0.0,2.0,0.0,0.9717911337610226
1112.0,1541290912083.0,1541290912578.0,0.0,3.0,0.0,1.0,7.0,0.6293526231406886
1113.0,1541290912134.0,1541290912907.0,0.0,6.0,0.30936704461226006,2.0,7.0,0.839460941853994
1114.0,1541290911970.0,1541290913248.0,0.0,4.0,0.7267380159552946,0.0,10.0,0.26280044388993407
1115.0,1541290911975.0,1541290912634.0,0.0,6.0,0.004622764994562517,2.0,1.0,0.7720825222953199
1116.0,1541290912001.0,1541290912404.0,0.0,3.0,0.4521573812443994,5.0,6.0,0.5956225082755074
1117.0,1541290911875.0,1541290912877.0,0.0,2.0,1.0,1.0,17.0,0.951094755166644
1118.0,1541290911742.0,1541290911668.0,0.0,4.0,0.0,2.0,8.0,0.5336777227035923
1119.0,1541290911837.0,1541290911890.0,0.0,4.0,0.0,2.0,5.0,0.9375812488507509
1120.0,1541290912227.0,1541290912209.0,0.0,2.0,0.2872475793090602,5.0,10.0,0.7269663024145598
1121.0,1541290911754.0,1541290912414.0,0.0,0.0,0.0,1.0,7.0,1.0
1122.0,1541290912061.0,1541290913619.0,1.0,4.0,0.0,3.0,17.0,0.4905923457802841
1123.0,1541290912572.0,1541290912722.0,0.0,3.0,0.9681829047230875,0.0,0.0,0.30768029810250613
1124.0,1541290912558.0,1541290913322.0,0.0,2.0,0.7345084869294292,1.0,5.0,0.7828962742567691
1125.0,1541290912226.0,1541290913395.0,0.0,2.0,0.5399276802609277,0.0,12.0,0.39335167318774605
1126.0,1541290911601.0,1541290912921.0,0.0,2.0,0.25656628850295893,4.0,8.0,0.6815773619093144
1127.0,1541290911284.0,1541290911482.0,0.0,6.0,0.8510841060889667,0.0,4.0,0.6379219722589089
1128.0,1541290911985.0,1541290912065.0,0.0,1.0,0.36553378067502873,0.0,5.0,0.6964124135483952
1129.0,1541290912305.0,1541290912626.0,1.0,2.0,0.9737239729875049,2.0,1.0,0.17921079587484934
1130.0,1541290912522.0,1541290912831.0,0.0,2.0,0.0,1.0,7.0,1.0
1131.0,1541290911937.0,1541290912021.0,0.0,6.0,0.0,4.0,3.0,0.6518501358198339
1132.0,1541290911789.0,1541290912074.0,1.0,0.0,1.0,3.0,4.0,0.5560207056468517
1133.0,1541290911624.0,1541290912483.0,0.0,2.0,0.0,0.0,7.0,1.0
1134.0,1541290911235.0,1541290912107.0,0.0,2.0,0.3005413396906944,0.0,4.0,0.7747152548966857
1135.0,1541290911555.0,1541290911582.0,0.0,0.0,0.0,4.0,4.0,0.9510691475927415
1136.0,1541290912443.0,1541290913483.0,1.0,5.0,0.5530636274448774,7.0,5.0,0.46805576966172635
1137.0,1541290912322.0,1541290913221.0,0.0,5.0,0.0,2.0,0.0,0.8981495745623034
1138.0,1541290911524.0,1541290911664.0,0.0,1.0,0.0,5.0,11.0,0.8156765344145206
1139.0,1541290912037.0,1541290912604.0,1.0,4.0,0.0,2.0,8.0,0.6966736737308207
1140.0,1541290912152.0,1541290912121.0,0.0,3.0,0.3020844858377975,3.0,8.0,0.6988921670386948
1141.0,1541290911843.0,1541290912793.0,0.0,1.0,0.0,2.0,5.0,0.5267922910260744
1142.0,1541290911736.0,1541290912121.0,0.0,3.0,0.3584509117767616,1.0,10.0,0.5860838277738893
1143.0,1541290911738.0,1541290912363.0,0.0,5.0,1.0,5.0,1.0,0.6335671828607183
1144.0,1541290911601.0,1541290912010.0,1.0,0.0,1.0,1.0,3.0,0.6734190442808662
1145.0,1541290911675.0,1541290911960.0,0.0,2.0,0.001475730358455607,3.0,11.0,0.44027390201624506
1146.0,1541290912457.0,1541290912041.0,0.0,0.0,0.0,5.0,6.0,0.5991061812119091
1147.0,1541290912181.0,1541290912710.0,0.0,1.0,1.0,5.0,1.0,0.7079967502403958
1148.0,1541290912623.0,1541290913643.0,0.0,0.0,0.5968943698680194,1.0,3.0,0.7004537281411288
1149.0,1541290912267.0,1541290912774.0,0.0,6.0,0.11326067545603084,0.0,5.0,0.6350802121725098
1150.0,1541290911000.0,1541290912169.0,0.0,0.0,0.05362952125327028,3.0,1.0,0.538841337051418
1151.0,1541290912716.0,1541290912850.0,1.0,6.0,0.17584523819589998,3.0,11.0,0.697956531871963
1152.0,1541290912267.0,1541290913391.0,0.0,0.0,0.42202443327870987,0.0,1.0,0.8658349674762372
1153.0,1541290911676.0,1541290912496.0,1.0,4.0,0.48920843034276784,3.0,12.0,0.8630929278766264
1154.0,1541290911956.0,1541290912360.0,0.0,0.0,0.20732114410026425,3.0,8.0,0.7927610848523545
1155.0,1541290912460.0,1541290913307.0,0.0,2.0,0.4984985725074016,4.0,3.0,0.46158656981868407
1156.0,1541290912290.0,1541290912567.0,1.0,4.0,0.924075526887653,2.0,2.0,0.6345779678711759
1157.0,1541290911668.0,1541290912059.0,0.0,7.0,0.8044938813350239,6.0,10.0,0.5813577066691537
1158.0,1541290912215.0,1541290912186.0,0.0,5.0,0.0,7.0,1.0,0.7859961985705405
1159.0,1541290912178.0,1541290912675.0,1.0,3.0,0.0,3.0,0.0,0.9554533350090781
1160.0,1541290912225.0,1541290913095.0,0.0,2.0,0.1269965734270337,4.0,2.0,1.0
1161.0,1541290911681.0,1541290912025.0,0.0,2.0,0.5389266702425923,2.0,3.0,0.5026839423008395
1162.0,1541290912503.0,1541290913108.0,0.0,6.0,0.14083454671077314,4.0,4.0,0.6913276906869945
1163.0,1541290912207.0,1541290912362.0,1.0,5.0,0.0,3.0,5.0,0.6043177836437392
1164.0,1541290912129.0,1541290912316.0,1.0,4.0,0.0,0.0,9.0,0.947441103137439
1165.0,1541290911830.0,1541290912476.0,1.0,1.0,0.0,1.0,3.0,0.9272454901841488
1166.0,1541290911846.0,1541290912365.0,1.0,3.0,0.4127609891485243,3.0,3.0,0.8589943260584852
1167.0,1541290912092.0,1541290912875.0,0.0,1.0,0.5791502496438604,3.0,15.0,0.7307223961268229
1168.0,1541290912220.0,1541290912786.0,0.0,1.0,0.0,3.0,4.0,0.5894476364199505
1169.0,1541290911785.0,1541290912250.0,0.0,2.0,0.8318962158586353,2.0,14.0,0.640617031100028
1170.0,1541290912314.0,1541290912176.0,1.0,3.0,0.0,2.0,0.0,0.690464102280104
1171.0,1541290911948.0,1541290911674.0,0.0,3.0,0.0,3.0,0.0,0.7846156911730694
1172.0,1541290912555.0,1541290913603.0,0.0,0.0,0.0671462578631015,2.0,9.0,0.471581100144226
1173.0,1541290912165.0,1541290912335.0,0.0,9.0,0.0,3.0,13.0,0.8280321840419299
1174.0,1541290912686.0,1541290912798.0,0.0,2.0,0.0,2.0,12.0,0.8853320012585801
1175.0,1541290911954.0,1541290912772.0,0.0,3.0,0.6247840112936093,2.0,6.0,1.0
1176.0,1541290912082.0,1541290912829.0,0.0,5.0,0.8886943492559245,1.0,5.0,0.7600049403201855
1177.0,1541290912080.0,1541290913093.0,0.0,7.0,0.561141568040689,1.0,16.0,0.8036449923963261
1178.0,1541290911971.0,1541290912071.0,0.0,4.0,1.0,0.0,7.0,0.44819600797555725
1179.0,1541290911986.0,1541290911684.0,0.0,0.0,0.0,4.0,6.0,0.968490407285934
1180.0,1541290911528.0,1541290911949.0,1.0,2.0,0.2644856042500816,3.0,8.0,0.8778492245927583
1181.0,1541290912431.0,1541290912498.0,1.0,5.0,0.0,0.0,0.0,0.9474891395848756
1182.0,1541290911636.0,1541290912001.0,1.0,3.0,0.7524278177727328,1.0,1.0,0.7947809345105266
1183.0,1541290911708.0,1541290911532.0,0.0,5.0,0.0,1.0,8.0,0.5848681512410958
1184.0,1541290912309.0,1541290912170.0,1.0,8.0,0.1811893810535701,4.0,3.0,0.8689123714893778
1185.0,1541290912540.0,1541290912912.0,0.0,3.0,0.0,1.0,9.0,0.5193499507753447
1186.0,1541290912002.0,1541290912906.0,0.0,0.0,0.0,5.0,9.0,0.4515977924089657
1187.0,1541290911851.0,1541290912087.0,0.0,2.0,0.5631426624684516,2.0,1.0,0.9858253135900672
1188.0,1541290911980.0,1541290912658.0,0.0,7.0,0.007328365738645773,1.0,14.0,0.5505607182389217
1189.0,1541290911754.0,1541290912730.0,1.0,7.0,0.0,0.0,1.0,0.6818720371901418
1190.0,1541290912268.0,1541290912955.0,0.0,4.0,0.4472598054173542,0.0,3.0,0.8462858586648621
1191.0,1541290912440.0,1541290912476.0,0.0,1.0,0.062263009289742495,3.0,8.0,0.647138832857682
1192.0,1541290911278.0,1541290912202.0,0.0,6.0,0.0,1.0,13.0,0.6750686071781777
1193.0,1541290911714.0,1541290912296.0,1.0,6.0,0.0,0.0,4.0,0.46515623215414775
1194.0,1541290911909.0,1541290912339.0,0.0,8.0,0.0,7.0,0.0,0.7841832746886155
1195.0,1541290912073.0,1541290912534.0,0.0,5.0,0.07700809558519332,1.0,5.0,0.5852999344455194
1196.0,1541290912354.0,1541290912674.0,0.0,6.0,0.0,3.0,0.0,0.5639912377449385
1197.0,1541290911855.0,1541290912311.0,0.0,4.0,0.0,5.0,6.0,0.7346581548595844
1198.0,1541290912047.0,1541290912724.0,1.0,7.0,0.0,5.0,6.0,0.7948079911140361
1199.0,1541290912359.0,1541290912465.0,0.0,7.0,0.0,0.0,13.0,1.0
1200.0,1541290911910.0,1541290912895.0,0.0,1.0,0.21612103923511808,2.0,3.0,0.4919414021618278
1201.0,1541290911625.0,1541290912079.0,0.0,7.0,0.00023390234687380163,4.0,6.0,0.5428892948230553
1202.0,1541290912477.0,1541290913030.0,0.0,0.0,0.231025965702021,8.0,8.0,0.6591647641722004
1203.0,1541290911602.0,1541290912153.0,0.0,0.0,0.0,0.0,9.0,0.9050109343257106
1204.0,1541290911618.0,1541290912363.0,1.0,5.0,0.0,4.0,1.0,0.3017167977953336
1205.0,1541290911766.0,1541290912158.0,0.0,3.0,0.770952046056223,3.0,0.0,0.7066682436617885
1206.0,1541290911657.0,1541290912204.0,0.0,7.0,0.008010488462091667,3.0,5.0,0.7829952591390651
1207.0,1541290912222.0,1541290912725.0,0.0,3.0,0.0,0.0,2.0,0.2908163646873281
1208.0,1541290912208.0,1541290913138.0,1.0,1.0,0.4932208614911674,4.0,6.0,0.5031118000375558
1209.0,1541290911916.0,1541290911971.0,0.0,7.0,0.0,6.0,3.0,0.5526516982206617
1210.0,1541290912156.0,1541290913254.0,1.0,5.0,0.0,5.0,5.0,0.3920019340257762
1211.0,1541290912082.0,1541290912372.0,0.0,7.0,0.0,0.0,1.0,0.8604267875078424
1212.0,1541290911539.0,1541290911940.0,0.0,1.0,0.6096058415822624,4.0,11.0,0.7718147858396808
1213.0,1541290912306.0,1541290913698.0,0.0,2.0,0.5721720264379654,4.0,3.0,0.7828413531907312
1214.0,1541290911377.0,1541290911795.0,0.0,2.0,0.0,0.0,13.0,0.8610706313665272
1215.0,1541290911727.0,1541290912754.0,0.0,3.0,0.04112390846338654,3.0,7.0,0.5478048234318572
1216.0,1541290911425.0,1541290911663.0,0.0,5.0,0.13289891888948105,5.0,7.0,0.6069854274072912
1217.0,1541290911699.0,1541290912886.0,1.0,5.0,0.0,2.0,4.0,0.576699168014913
1218.0,1541290911974.0,1541290912256.0,0.0,1.0,0.0,2.0,6.0,1.0
1219.0,1541290911884.0,1541290912007.0,0.0,2.0,0.0,1.0,5.0,0.670428648216896
1220.0,1541290911966.0,1541290912387.0,1.0,1.0,0.04912013858551669,4.0,6.0,0.6644306535521486
1221.0,1541290912435.0,1541290912926.0,1.0,1.0,0.0,6.0,8.0,0.5331917216010251
1222.0,1541290912093.0,1541290912816.0,0.0,4.0,0.16324396120209053,3.0,7.0,0.6706946742526012
1223.0,1541290911671.0,1541290911862.0,0.0,3.0,0.7462936921882493,4.0,10.0,0.7460600902883865
1224.0,1541290911707.0,1541290912533.0,0.0,5.0,0.0,0.0,1.0,0.8018685900533282
1225.0,1541290911785.0,1541290912068.0,0.0,1.0,0.2665636110537488,2.0,5.0,0.5501171922267732
1226.0,1541290911346.0,1541290911948.0,1.0,2.0,0.04027922583091085,5.0,1.0,0.9111181663014989
1227.0,1541290912077.0,1541290912426.0,0.0,1.0,0.1795643972074516,6.0,5.0,0.8371333352180108
1228.0,1541290912304.0,1541290913159.0,1.0,4.0,0.4952269423651259,2.0,12.0,0.8289758928515023
1229.0,1541290911853.0,1541290912069.0,0.0,0.0,0.8216018467735997,4.0,3.0,0.9039826006117202
1230.0,1541290912440.0,1541290912498.0,0.0,2.0,0.5326856294792107,1.0,6.0,0.5890141405319247
1231.0,1541290912062.0,1541290912805.0,1.0,1.0,0.45100615732528637,0.0,2.0,0.5298752752783122
1232.0,1541290911686.0,1541290911698.0,0.0,6.0,0.0,1.0,5.0,0.787300796043674
1233.0,1541290912010.0,1541290912421.0,1.0,7.0,0.0,4.0,6.0,0.7215659895348889
1234.0,1541290912832.0,1541290913579.0,0.0,0.0,0.0,6.0,9.0,0.2786614637908967
1235.0,1541290911991.0,1541290912118.0,0.0,4.0,0.09197475998281877,2.0,6.0,0.4787990171811646
1236.0,1541290911587.0,1541290911677.0,0.0,4.0,0.0,5.0,5.0,0.4206634334130595
1237.0,1541290911797.0,1541290912285.0,1.0,0.0,0.0,4.0,7.0,0.9477812089975465
1238.0,1541290911635.0,1541290912089.0,0.0,6.0,0.37447003090274344,1.0,10.0,0.918587559357794
1239.0,1541290911965.0,1541290912613.0,0.0,1.0,0.0,0.0,2.0,0.6948295719680989
1240.0,1541290911971.0,1541290913273.0,0.0,5.0,0.3427353371065986,1.0,3.0,0.7368584461031369
1241.0,1541290911795.0,1541290912242.0,0.0,0.0,0.0,0.0,9.0,0.8497267833622214
1242.0,1541290911409.0,1541290911785.0,0.0,4.0,0.0,0.0,10.0,0.8870925357695678
1243.0,1541290911646.0,1541290911644.0,1.0,9.0,0.0,1.0,4.0,0.49855159227582674
1244.0,1541290911492.0,1541290911270.0,0.0,0.0,0.5107021227812227,2.0,4.0,1.0
1245.0,1541290911823.0,1541290911832.0,0.0,1.0,1.0,1.0,4.0,0.5909978084671583
1246.0,1541290912294.0,1541290913425.0,1.0,1.0,0.9097968382504856,4.0,8.0,0.6124139001863093
1247.0,1541290912289.0,1541290912814.0,1.0,3.0,0.10489728365444576,1.0,2.0,0.30704503808479444
1248.0,1541290912711.0,1541290913837.0,0.0,6.0,0.40175701342649117,4.0,3.0,0.21692187274234676
1249.0,1541290912200.0,1541290912395.0,0.0,5.0,0.6796792556150294,1.0,5.0,0.7429245433600816
1250.0,1541290911462.0,1541290911957.0,1.0,0.0,0.416978832422758,2.0,6.0,0.7314131939469588
1251.0,1541290912050.0,1541290912273.0,0.0,4.0,1.0,0.0,1.0,0.9000313336169623
1252.0,1541290912491.0,1541290913345.0,0.0,0.0,1.0,5.0,8.0,0.5386171303819371
1253.0,1541290911563.0,1541290912047.0,0.0,0.0,1.0,0.0,1.0,0.9058447010775574
1254.0,1541290912397.0,1541290913134.0,0.0,2.0,0.780216166183886,0.0,5.0,0.7193819122142742
1255.0,1541290912154.0,1541290912628.0,1.0,4.0,0.0,1.0,8.0,1.0
1256.0,1541290911142.0,1541290911807.0,0.0,0.0,0.48243909428758325,5.0,13.0,0.4625087680867321
1257.0,1541290912080.0,1541290912671.0,0.0,0.0,0.2642617793372436,5.0,13.0,0.7037613429886784
1258.0,1541290911911.0,1541290912073.0,0.0,1.0,0.0,0.0,4.0,0.4866949872892403
1259.0,1541290912258.0,1541290912311.0,0.0,2.0,0.2702132108716218,5.0,2.0,0.4955923316515915
1260.0,1541290911783.0,1541290912416.0,0.0,1.0,0.0,0.0,2.0,0.6622458777341698
1261.0,1541290911733.0,1541290912182.0,0.0,6.0,0.00268765428283764,6.0,5.0,0.7044303929423866
1262.0,1541290912589.0,1541290913136.0,0.0,4.0,0.0,9.0,5.0,0.5383073581478417
1263.0,1541290911729.0,1541290912782.0,0.0,1.0,0.14772526744047748,0.0,0.0,0.6997117627311067
1264.0,1541290911120.0,1541290911971.0,1.0,0.0,0.0,0.0,2.0,0.6479211417116014
1265.0,1541290911744.0,1541290912347.0,1.0,1.0,0.0,4.0,5.0,0.8157141950140212
1266.0,1541290911531.0,1541290912231.0,0.0,2.0,0.9608510228842883,2.0,10.0,0.703343054186983
1267.0,1541290911250.0,1541290911993.0,0.0,6.0,0.0,1.0,8.0,0.6019258049150769
1268.0,1541290911759.0,1541290912117.0,0.0,0.0,0.5415673942491487,3.0,3.0,0.683291056379492
1269.0,1541290911877.0,1541290912458.0,1.0,3.0,0.4705184932335835,0.0,7.0,0.5580804383615636
1270.0,1541290911193.0,1541290912047.0,0.0,2.0,1.0,0.0,5.0,0.5222771966996607
1271.0,1541290911871.0,1541290912862.0,1.0,4.0,0.8808922343236466,0.0,5.0,1.0
1272.0,1541290911990.0,1541290912175.0,1.0,1.0,0.6746801003549338,1.0,7.0,0.6253315620004646
1273.0,1541290912360.0,1541290912907.0,0.0,4.0,0.0,1.0,10.0,0.7569787081507321
1274.0,1541290911457.0,1541290912472.0,0.0,3.0,0.1555857538301884,0.0,4.0,0.22228204435519666
1275.0,1541290911289.0,1541290911098.0,1.0,3.0,1.0,0.0,15.0,0.6610026697460829
1276.0,1541290911453.0,1541290911272.0,1.0,4.0,0.0,1.0,7.0,0.9574806597033626
1277.0,1541290911599.0,1541290911901.0,0.0,3.0,0.0,0.0,4.0,0.5444968343051144
1278.0,1541290912243.0,1541290912159.0,0.0,7.0,0.481259722074153,3.0,6.0,0.5077979436675553
1279.0,1541290911678.0,1541290912187.0,1.0,3.0,0.03996144848862273,2.0,3.0,0.6780320814449727
1280.0,1541290911333.0,1541290911822.0,1.0,6.0,0.41951657700634293,1.0,7.0,0.7676737335821633
1281.0,1541290912008.0,1541290912828.0,0.0,2.0,0.2505085892868252,2.0,16.0,0.6160013245239375
1282.0,1541290912395.0,1541290912900.0,0.0,0.0,0.0,2.0,7.0,0.403843657661361
1283.0,1541290911595.0,1541290911419.0,0.0,4.0,0.09571559362074472,1.0,11.0,0.805242994495862
1284.0,1541290911496.0,1541290912178.0,1.0,5.0,0.21138453503421525,1.0,4.0,0.6609052017632446
1285.0,1541290911527.0,1541290912261.0,0.0,1.0,0.0,2.0,15.0,0.7206833466433451
1286.0,1541290912183.0,1541290913505.0,0.0,1.0,0.43543014860090745,4.0,8.0,0.8106646899164499
1287.0,1541290912084.0,1541290912313.0,0.0,4.0,0.0,0.0,0.0,0.6816773730354212
1288.0,1541290911783.0,1541290912003.0,0.0,0.0,0.0,2.0,9.0,0.33955109813020234
1289.0,1541290912222.0,1541290912926.0,0.0,1.0,0.19444542791308908,2.0,1.0,0.544007365446576
1290.0,1541290912036.0,1541290912711.0,0.0,6.0,0.03721396920261337,0.0,2.0,0.6866131607143486
1291.0,1541290912384.0,1541290913631.0,1.0,3.0,0.13860937043607868,0.0,0.0,0.30826138537654824
1292.0,1541290911858.0,1541290913159.0,1.0,0.0,0.07842943554183542,1.0,5.0,0.7091265721731603
1293.0,1541290912749.0,1541290912633.0,0.0,3.0,0.22857689508704457,4.0,4.0,0.5721533654416602
1294.0,1541290912135.0,1541290911793.0,0.0,3.0,0.0,0.0,8.0,0.6063694059669096
1295.0,1541290911923.0,1541290912401.0,0.0,1.0,1.0,1.0,3.0,0.3688333902468619
1296.0,1541290911405.0,1541290911824.0,0.0,6.0,0.0,4.0,11.0,0.5307202478056593
1297.0,1541290912029.0,1541290912507.0,0.0,5.0,0.4069841177329665,1.0,8.0,1.0
1298.0,1541290911917.0,1541290911963.0,1.0,5.0,0.8534679509143486,2.0,2.0,0.829901720672953
1299.0,1541290912551.0,1541290912969.0,0.0,4.0,0.6312829171216089,2.0,5.0,0.48977346088729135
1300.0,1541290912184.0,1541290913328.0,0.0,2.0,0.0,1.0,3.0,0.4728199114098143
1301.0,1541290912308.0,1541290913251.0,1.0,4.0,1.0,1.0,7.0,0.898878469174982
1302.0,1541290911938.0,1541290912527.0,1.0,1.0,0.6832214574065948,0.0,8.0,1.0
1303.0,1541290911799.0,1541290912712.0,0.0,2.0,0.3746886215466302,5.0,10.0,1.0
1304.0,1541290911599.0,1541290911884.0,1.0,0.0,0.0,7.0,2.0,0.39837059434722366
1305.0,1541290911574.0,1541290911906.0,1.0,2.0,0.3128335338718516,2.0,1.0,0.6191104005473551
1306.0,1541290912087.0,1541290912371.0,0.0,6.0,0.07453467674754122,2.0,12.0,0.6626272485433164
1307.0,1541290912159.0,1541290912525.0,0.0,5.0,0.4686578478511486,2.0,6.0,0.5754402677109308
1308.0,1541290912115.0,1541290912158.0,1.0,4.0,0.0,2.0,9.0,0.38010718433642254
1309.0,1541290911359.0,1541290911930.0,1.0,2.0,0.25284485542662455,2.0,1.0,0.7772894986796587
1310.0,1541290911908.0,1541290911938.0,0.0,1.0,0.2127510696921286,3.0,7.0,0.8155446332878576
1311.0,1541290911593.0,1541290911999.0,0.0,6.0,0.33004063224323527,3.0,9.0,0.4470306067538286
1312.0,1541290911691.0,1541290913243.0,0.0,4.0,0.30968027592203173,1.0,4.0,0.6900090287804356
1313.0,1541290912185.0,1541290912830.0,1.0,5.0,0.4177508430118714,2.0,4.0,0.6966751719002086
1314.0,1541290912443.0,1541290912798.0,1.0,4.0,0.49108070805789106,3.0,4.0,0.6082063053269878
1315.0,1541290912542.0,1541290913474.0,1.0,1.0,0.9150320463078867,4.0,0.0,0.7917287844546572
1316.0,1541290912164.0,1541290912991.0,0.0,1.0,0.0899690672719183,3.0,5.0,0.7190148703396012
1317.0,1541290912339.0,1541290913063.0,1.0,7.0,0.0,1.0,4.0,1.0
1318.0,1541290912057.0,1541290911679.0,1.0,3.0,0.0,1.0,17.0,0.6881126032577516
1319.0,1541290912536.0,1541290913036.0,1.0,1.0,0.0953915292146802,5.0,12.0,0.7416630057512903
1320.0,1541290912331.0,1541290912720.0,0.0,4.0,0.0,4.0,1.0,0.7190355811749701
1321.0,1541290911215.0,1541290911466.0,1.0,1.0,0.40953164824260735,9.0,8.0,0.16353548468936763
1322.0,1541290911847.0,1541290912472.0,0.0,3.0,0.2003026180167428,4.0,4.0,1.0
1323.0,1541290911498.0,1541290912198.0,0.0,2.0,0.5299878698188223,2.0,7.0,0.7407911248471198
1324.0,1541290911942.0,1541290912651.0,0.0,2.0,0.0,5.0,5.0,0.8384971194852053
1325.0,1541290912125.0,1541290912741.0,0.0,5.0,0.0,1.0,3.0,0.6884136105823059
1326.0,1541290912392.0,1541290912835.0,0.0,6.0,0.0,3.0,5.0,0.32510200394277233
1327.0,1541290911538.0,1541290912373.0,1.0,4.0,0.29413078294001765,1.0,3.0,0.7017278410412757
1328.0,1541290911366.0,1541290911841.0,1.0,4.0,0.18145479232636952,1.0,5.0,0.5455630833073792
1329.0,1541290912270.0,1541290912340.0,0.0,2.0,0.0,4.0,0.0,0.46311368563014027
1330.0,1541290912184.0,1541290912448.0,1.0,7.0,0.3728551509045026,1.0,7.0,0.6121933422616002
1331.0,1541290912255.0,1541290913201.0,1.0,8.0,0.0,1.0,7.0,0.5588157090670928
1332.0,1541290912522.0,1541290913490.0,0.0,5.0,0.1625070213572682,3.0,16.0,0.43758179697071514
1333.0,1541290912534.0,1541290913016.0,1.0,0.0,0.0,1.0,3.0,0.8297639774156189
1334.0,1541290911781.0,1541290911449.0,0.0,6.0,0.22731247291935072,3.0,9.0,0.8596957849082483
1335.0,1541290911711.0,1541290912613.0,1.0,1.0,0.1849603935363367,0.0,3.0,0.6197528870120459
1336.0,1541290912725.0,1541290912985.0,1.0,3.0,0.664351552634199,2.0,13.0,0.7366180215747671
1337.0,1541290912031.0,1541290913308.0,0.0,1.0,1.0,1.0,5.0,0.4956691736722272
1338.0,1541290912390.0,1541290913018.0,0.0,1.0,0.7783798097685172,1.0,10.0,0.5919121534947253
1339.0,1541290911520.0,1541290912407.0,1.0,10.0,0.0,0.0,4.0,0.8720400725420582
1340.0,1541290912456.0,1541290913204.0,0.0,2.0,0.175708918257919,0.0,4.0,1.0
1341.0,1541290911776.0,1541290912156.0,1.0,4.0,0.24798702494899003,1.0,2.0,0.633275136243397
1342.0,1541290912460.0,1541290912610.0,0.0,1.0,0.0,0.0,9.0,0.5498627621045623
1343.0,1541290912176.0,1541290913031.0,0.0,7.0,1.0,4.0,9.0,0.7311494174513031
1344.0,1541290911904.0,1541290912925.0,0.0,1.0,0.878599971941871,4.0,10.0,0.6603764448099124
1345.0,1541290912563.0,1541290912749.0,1.0,5.0,0.5245381092800205,1.0,9.0,0.5651385723601878
1346.0,1541290911815.0,1541290912254.0,1.0,4.0,0.0,0.0,0.0,0.8421451223066254
1347.0,1541290911322.0,1541290911538.0,1.0,2.0,0.0,1.0,6.0,0.3831758096232312
1348.0,1541290911432.0,1541290911696.0,0.0,0.0,0.02557479647334744,0.0,7.0,0.7793065541736228
1349.0,1541290911945.0,1541290912330.0,0.0,5.0,0.0,1.0,0.0,0.2679795954050069
1350.0,1541290912441.0,1541290913127.0,0.0,6.0,0.21549152567492202,4.0,5.0,0.5640943759765148
1351.0,1541290911773.0,1541290912770.0,0.0,3.0,0.2029366982575042,2.0,2.0,0.3831685604302147
1352.0,1541290911598.0,1541290912570.0,0.0,0.0,0.24800142456444438,1.0,4.0,0.4062195460737967
1353.0,1541290912801.0,1541290913546.0,1.0,2.0,0.0,2.0,13.0,1.0
1354.0,1541290912217.0,1541290912868.0,0.0,2.0,0.7827659968030287,5.0,0.0,0.7558143164087682
1355.0,1541290912044.0,1541290912238.0,0.0,3.0,0.0,3.0,2.0,0.73942610832244
1356.0,1541290912116.0,1541290912496.0,1.0,1.0,0.36762862091450577,4.0,11.0,0.46479072589871406
1357.0,1541290912418.0,1541290912619.0,0.0,1.0,0.0,1.0,9.0,1.0
1358.0,1541290911099.0,1541290911637.0,0.0,5.0,0.28027825218836655,6.0,17.0,0.6869733673534827
1359.0,1541290911973.0,1541290912225.0,0.0,0.0,0.0,0.0,12.0,0.36646218621226573
1360.0,1541290911223.0,1541290911895.0,1.0,5.0,0.0,5.0,3.0,0.7336948892375139
1361.0,1541290911069.0,1541290911362.0,0.0,7.0,0.6875743436083785,1.0,7.0,0.43908650066118204
1362.0,1541290911711.0,1541290912081.0,1.0,7.0,0.4945839470078819,5.0,5.0,0.6853390509734998
1363.0,1541290911754.0,1541290912519.0,0.0,5.0,0.19437166948229048,1.0,14.0,0.903074749296735
1364.0,1541290912408.0,1541290912783.0,0.0,3.0,0.0,3.0,8.0,0.5371051818457437
1365.0,1541290912448.0,1541290912751.0,0.0,3.0,0.03584223936955824,0.0,11.0,0.9752545235529906
1366.0,1541290912351.0,1541290912470.0,1.0,7.0,0.0,4.0,7.0,0.3110560561096616
1367.0,1541290911518.0,1541290912473.0,0.0,2.0,0.38355620816476166,4.0,2.0,0.9835042634700151
1368.0,1541290912288.0,1541290913350.0,0.0,2.0,0.0,6.0,4.0,0.9338868005469294
1369.0,1541290911752.0,1541290912574.0,1.0,4.0,0.0,2.0,5.0,0.8216591663426559
1370.0,1541290912727.0,1541290913119.0,0.0,4.0,0.07755447664510264,1.0,3.0,0.6484337686517733
1371.0,1541290911690.0,1541290912168.0,0.0,5.0,0.0,4.0,1.0,0.7751764358562927
1372.0,1541290912160.0,1541290912116.0,0.0,0.0,0.0,5.0,3.0,0.8585478204511048
1373.0,1541290911783.0,1541290913220.0,1.0,5.0,0.0,0.0,6.0,0.9647383748079623
1374.0,1541290911903.0,1541290912472.0,0.0,3.0,0.0,0.0,1.0,0.628268688643735
1375.0,1541290912333.0,1541290912564.0,1.0,1.0,0.0,1.0,7.0,0.43616000485626527
1376.0,1541290911621.0,1541290911680.0,0.0,4.0,1.0,1.0,8.0,0.8848049077631128
1377.0,1541290911852.0,1541290912259.0,1.0,5.0,0.0,1.0,1.0,0.7578179102498023
1378.0,1541290912389.0,1541290913215.0,0.0,0.0,0.14364344488393266,1.0,8.0,0.8189077193850203
1379.0,1541290912593.0,1541290912743.0,0.0,4.0,0.048122905421579674,3.0,12.0,0.7515235571760033
1380.0,1541290911895.0,1541290911431.0,0.0,0.0,0.0397180425454875,6.0,4.0,0.741908871468707
1381.0,1541290912117.0,1541290912201.0,1.0,2.0,0.39798249938885566,4.0,7.0,0.6885041381579595
1382.0,1541290912273.0,1541290913084.0,1.0,5.0,0.0,6.0,8.0,0.5208945865899983
1383.0,1541290911815.0,1541290912241.0,1.0,2.0,1.0,2.0,2.0,1.0
1384.0,1541290912455.0,1541290913379.0,1.0,10.0,0.527016110600473,0.0,7.0,0.799172675383968
1385.0,1541290911755.0,1541290911831.0,1.0,0.0,0.9966765769721987,4.0,7.0,0.34289376763075446
1386.0,1541290911581.0,1541290912867.0,0.0,7.0,0.0,5.0,2.0,0.4830170463709669
1387.0,1541290912530.0,1541290912364.0,0.0,5.0,0.0,8.0,8.0,0.7004452967260055
1388.0,1541290912359.0,1541290913311.0,0.0,7.0,0.5794266542348626,4.0,1.0,0.32764707218590944
1389.0,1541290911875.0,1541290912316.0,0.0,0.0,0.6569805207601603,4.0,5.0,0.7018862676086046
1390.0,1541290912069.0,1541290913273.0,0.0,3.0,0.27571559934045986,4.0,4.0,0.3329260836414668
1391.0,1541290912197.0,1541290912393.0,1.0,6.0,1.0,4.0,1.0,0.6446685473569544
1392.0,1541290912017.0,1541290912775.0,0.0,4.0,0.8271168850504441,1.0,7.0,0.6987435599525599
1393.0,1541290912614.0,1541290914060.0,0.0,3.0,0.4579165414519929,0.0,3.0,0.949883757738042
1394.0,1541290912120.0,1541290912725.0,0.0,0.0,0.0,5.0,14.0,0.716562380244922
1395.0,1541290912463.0,1541290912388.0,0.0,0.0,0.0,0.0,12.0,0.7337889823454624
1396.0,1541290911852.0,1541290912549.0,0.0,3.0,0.0,0.0,5.0,0.6371420639322641
1397.0,1541290912451.0,1541290913074.0,0.0,9.0,0.0,7.0,7.0,0.531267110973171
1398.0,1541290911984.0,1541290912251.0,0.0,1.0,0.0,9.0,2.0,0.6161925620172296
1399.0,1541290912422.0,1541290912446.0,0.0,0.0,0.0,4.0,7.0,0.9870995332374497
1400.0,1541290912136.0,1541290912989.0,0.0,3.0,0.16567194014713038,2.0,10.0,0.9189404268274234
1401.0,1541290911934.0,1541290911933.0,0.0,2.0,0.0,2.0,7.0,0.28843694228132066
1402.0,1541290912026.0,1541290912991.0,0.0,1.0,0.32268478755364943,0.0,9.0,0.8972841390425458
1403.0,1541290911619.0,1541290912393.0,0.0,5.0,0.0,2.0,13.0,0.8489592370201593
1404.0,1541290911520.0,1541290912311.0,0.0,6.0,0.57225600892674,0.0,4.0,0.8542610002287397
1405.0,1541290912047.0,1541290912751.0,0.0,5.0,0.0,3.0,5.0,0.7512852233953218
1406.0,1541290911952.0,1541290912404.0,1.0,1.0,0.12683995768505127,2.0,10.0,0.7960925072941455
1407.0,1541290911858.0,1541290912565.0,1.0,10.0,0.30064328010042085,3.0,2.0,0.6301037970546916
1408.0,1541290912063.0,1541290913223.0,0.0,2.0,0.0,2.0,12.0,0.5295203582902703
1409.0,1541290912546.0,1541290913241.0,0.0,2.0,0.0,2.0,1.0,0.7548797138510075
1410.0,1541290912504.0,1541290913603.0,0.0,7.0,0.32602911725214745,6.0,9.0,0.4681128107157252
1411.0,1541290911780.0,1541290912338.0,1.0,7.0,0.0,2.0,10.0,0.9322668742049818
1412.0,1541290912318.0,1541290912614.0,1.0,2.0,0.15327883874510162,1.0,6.0,1.0
1413.0,1541290911383.0,1541290912171.0,0.0,5.0,1.0,2.0,9.0,0.6184701709119134
1414.0,1541290911970.0,1541290912166.0,0.0,2.0,0.0,5.0,6.0,0.5073061648548516
1415.0,1541290911654.0,1541290912698.0,0.0,1.0,0.0,0.0,3.0,0.43321603835781625
1416.0,1541290912124.0,1541290913301.0,1.0,1.0,0.0,3.0,10.0,0.4470002164131589
1417.0,1541290911875.0,1541290912222.0,0.0,3.0,0.3098651725087542,4.0,9.0,0.6290944089139991
1418.0,1541290912787.0,1541290913093.0,0.0,3.0,0.21625473473491152,5.0,3.0,0.708812339072172
1419.0,1541290912038.0,1541290912836.0,0.0,2.0,0.6345993185453951,0.0,6.0,0.9269777730972395
1420.0,1541290912345.0,1541290912193.0,1.0,0.0,0.9697630906180631,5.0,2.0,0.934824411557446
1421.0,1541290912153.0,1541290912001.0,1.0,3.0,0.48903170875033863,9.0,4.0,0.6652532684826619
1422.0,1541290911953.0,1541290912816.0,0.0,4.0,0.0,5.0,7.0,0.7525597606667964
1423.0,1541290911599.0,1541290911910.0,0.0,1.0,0.8685520358514809,5.0,7.0,0.4497103554531637
1424.0,1541290911821.0,1541290911532.0,0.0,3.0,0.0,1.0,8.0,0.5523652265805485
1425.0,1541290912304.0,1541290912952.0,0.0,6.0,0.24381240209050922,0.0,0.0,0.4482279923390054
1426.0,1541290912453.0,1541290913264.0,0.0,6.0,0.1045238244974436,6.0,11.0,0.9469330683154946
1427.0,1541290911548.0,1541290912383.0,0.0,3.0,0.10338825404248762,6.0,19.0,0.4580248526641162
1428.0,1541290911735.0,1541290911644.0,0.0,3.0,0.0,2.0,10.0,0.7269170883936416
1429.0,1541290912481.0,1541290913142.0,0.0,2.0,0.8762071278870546,2.0,8.0,0.8249753288384316
1430.0,1541290911990.0,1541290912436.0,1.0,3.0,0.02786016707342205,2.0,5.0,0.7010450644238606
1431.0,1541290911951.0,1541290912933.0,1.0,1.0,0.0,1.0,4.0,0.7619844550627087
1432.0,1541290911916.0,1541290912459.0,1.0,3.0,0.0,0.0,3.0,0.8788196795584885
1433.0,1541290911927.0,1541290912153.0,1.0,7.0,0.28689425628469506,0.0,7.0,0.5427199609382948
1434.0,1541290912333.0,1541290913535.0,0.0,0.0,0.0,3.0,8.0,0.6346762598939292
1435.0,1541290911872.0,1541290912586.0,1.0,1.0,0.34590955178225463,5.0,10.0,0.45175898338238796
1436.0,1541290912108.0,1541290912190.0,1.0,0.0,0.0,3.0,3.0,0.8165980612182367
1437.0,1541290912452.0,1541290913243.0,1.0,2.0,0.6727688262204845,1.0,9.0,0.9276091763527846
1438.0,1541290911542.0,1541290911761.0,0.0,0.0,0.853951411219512,2.0,6.0,0.7068581729115708
1439.0,1541290912220.0,1541290912364.0,0.0,0.0,1.0,1.0,4.0,1.0
1440.0,1541290912408.0,1541290912470.0,0.0,3.0,0.23721058327844075,2.0,6.0,0.5823839961979043
1441.0,1541290912297.0,1541290912689.0,0.0,2.0,0.0,0.0,2.0,0.7838702212970106
1442.0,1541290911963.0,1541290912581.0,0.0,2.0,0.0,1.0,9.0,0.5241774675582697
1443.0,1541290912161.0,1541290913321.0,0.0,3.0,1.0,4.0,0.0,0.7545404380218843
1444.0,1541290911707.0,1541290912211.0,0.0,8.0,0.0,5.0,8.0,0.7690786480007136
1445.0,1541290911664.0,1541290912267.0,1.0,1.0,0.27244890427973034,6.0,4.0,0.2526464998505338
1446.0,1541290912702.0,1541290913562.0,0.0,3.0,0.0,4.0,2.0,0.49544808466901297
1447.0,1541290911732.0,1541290911868.0,0.0,6.0,0.0,1.0,1.0,0.9023426332250208
1448.0,1541290911373.0,1541290911922.0,0.0,4.0,0.1362074007061144,1.0,11.0,0.7924314111364107
1449.0,1541290912463.0,1541290912522.0,1.0,1.0,0.39046230527399095,1.0,17.0,1.0
1450.0,1541290911953.0,1541290912129.0,0.0,2.0,0.0,1.0,4.0,0.6126133806775705
1451.0,1541290911896.0,1541290912676.0,1.0,0.0,0.0,1.0,6.0,0.8109343074098782
1452.0,1541290912111.0,1541290913122.0,0.0,2.0,0.32197713714256315,0.0,7.0,0.5284313842156653
1453.0,1541290912041.0,1541290912366.0,1.0,6.0,0.0,2.0,8.0,0.7244884729143165
1454.0,1541290911525.0,1541290912295.0,1.0,4.0,0.3834395859447013,2.0,9.0,0.8222556124410708
1455.0,1541290911979.0,1541290912352.0,1.0,1.0,0.01980732400951654,6.0,2.0,0.39556363930084876
1456.0,1541290911835.0,1541290912787.0,0.0,3.0,0.0,2.0,5.0,0.7979659873330678
1457.0,1541290912030.0,1541290912699.0,0.0,3.0,0.0,0.0,9.0,0.6121123764195711
1458.0,1541290912477.0,1541290913231.0,1.0,7.0,0.0766527724463515,2.0,7.0,0.7696497109192018
1459.0,1541290912164.0,1541290912726.0,0.0,1.0,0.5959376866013736,2.0,3.0,0.7484835833656973
1460.0,1541290912764.0,1541290912894.0,0.0,3.0,0.0,0.0,4.0,0.528876746382871
1461.0,1541290911817.0,1541290912769.0,0.0,0.0,0.3654337735217148,2.0,19.0,0.8320087647061896
1462.0,1541290912105.0,1541290912483.0,1.0,6.0,0.07869227026192085,2.0,1.0,1.0
1463.0,1541290911570.0,1541290911942.0,0.0,4.0,0.905238457871445,1.0,10.0,0.5336430969369981
1464.0,1541290911704.0,1541290912053.0,1.0,0.0,0.0,3.0,14.0,0.463809176163658
1465.0,1541290912066.0,1541290912224.0,0.0,5.0,0.0,0.0,3.0,0.9166534156383903
1466.0,1541290912326.0,1541290913080.0,0.0,1.0,0.0,3.0,6.0,0.6926148852407592
1467.0,1541290911568.0,1541290911914.0,0.0,1.0,0.7533356025155371,4.0,10.0,0.741036059462719
1468.0,1541290911994.0,1541290912761.0,1.0,2.0,0.0,4.0,10.0,0.8364579213343912
1469.0,1541290912066.0,1541290912912.0,0.0,2.0,0.47485324571333765,0.0,5.0,0.4433489038826499
1470.0,1541290911980.0,1541290912553.0,0.0,5.0,0.06997491689557422,10.0,7.0,0.7995280549575614
1471.0,1541290912339.0,1541290913091.0,0.0,3.0,0.59098045055366,2.0,1.0,0.5835256688614787
1472.0,1541290911929.0,1541290913061.0,1.0,0.0,0.8891838303606533,0.0,0.0,0.8481761867221341
1473.0,1541290912174.0,1541290912682.0,0.0,9.0,0.06088954158582827,3.0,14.0,0.9570563509848367
1474.0,1541290912136.0,1541290912319.0,0.0,1.0,0.9932662188473653,2.0,4.0,0.8411740008530986
1475.0,1541290912500.0,1541290913071.0,0.0,5.0,0.0,0.0,13.0,0.6957091296936804
1476.0,1541290912393.0,1541290912777.0,0.0,1.0,0.32491035755843833,0.0,10.0,1.0
1477.0,1541290913019.0,1541290913420.0,1.0,2.0,0.20698696159376495,3.0,18.0,0.5485048711215039
1478.0,1541290911954.0,1541290912192.0,0.0,0.0,0.0,1.0,0.0,0.47158889728646963
1479.0,1541290911879.0,1541290911821.0,0.0,5.0,0.1978161073227027,1.0,7.0,0.5648701530293141
1480.0,1541290911948.0,1541290912074.0,0.0,7.0,0.14323639860944007,0.0,2.0,0.467595262178651
1481.0,1541290911355.0,1541290911875.0,0.0,3.0,0.0,4.0,3.0,0.7564528223236691
1482.0,1541290912091.0,1541290913114.0,0.0,6.0,0.674575897482095,0.0,9.0,0.45625282035142845
1483.0,1541290912241.0,1541290912223.0,0.0,1.0,0.47289339674128295,4.0,5.0,0.6977397742711858
1484.0,1541290912388.0,1541290912624.0,0.0,4.0,0.0,2.0,14.0,0.9538835598232129
1485.0,1541290912616.0,1541290913553.0,0.0,3.0,0.0,6.0,3.0,0.5982704820398559
1486.0,1541290912185.0,1541290912908.0,0.0,5.0,0.0,7.0,2.0,0.8322909497579492
1487.0,1541290912206.0,1541290913581.0,1.0,3.0,1.0,5.0,4.0,0.4707436741888071
1488.0,1541290912038.0,1541290912454.0,0.0,2.0,0.09850827287840458,3.0,0.0,0.6523872622083995
1489.0,1541290911668.0,1541290911963.0,0.0,3.0,0.275415333631111,1.0,7.0,0.7059793439461468
1490.0,1541290912116.0,1541290913512.0,0.0,0.0,0.0,3.0,12.0,1.0
1491.0,1541290911923.0,1541290912404.0,0.0,9.0,0.0,2.0,9.0,0.65003775909809
1492.0,1541290912443.0,1541290913139.0,0.0,6.0,0.0,2.0,20.0,0.7756871760143184
1493.0,1541290912404.0,1541290912776.0,0.0,2.0,0.40284143425868824,6.0,0.0,0.7056557101200392
1494.0,1541290911550.0,1541290911502.0,0.0,3.0,0.0,3.0,11.0,0.7655171380803055
1495.0,1541290911865.0,1541290911918.0,0.0,0.0,0.026964850379728886,0.0,14.0,0.7766928421399105
1496.0,1541290912544.0,1541290913298.0,0.0,6.0,0.0,0.0,2.0,0.7143062862484133
1497.0,1541290912522.0,1541290913330.0,1.0,3.0,0.0,0.0,1.0,0.5764828898850817
1498.0,1541290911997.0,1541290912002.0,0.0,4.0,0.42811595387774637,6.0,5.0,0.7123530283663851
1499.0,1541290911625.0,1541290911834.0,0.0,5.0,0.0,0.0,5.0,0.7263628606167054
1500.0,1541290911746.0,1541290912328.0,0.0,3.0,0.0,8.0,3.0,1.0
1501.0,1541290912154.0,1541290912898.0,1.0,4.0,0.6006189728993027,1.0,5.0,0.6134922911517602
1502.0,1541290911622.0,1541290911927.0,0.0,4.0,0.0,5.0,10.0,0.5986331655973623
1503.0,1541290911425.0,1541290912574.0,1.0,5.0,0.0,0.0,9.0,0.7966113063313576
1504.0,1541290911608.0,1541290911696.0,1.0,3.0,0.0,0.0,11.0,1.0
1505.0,1541290912151.0,1541290912919.0,0.0,2.0,0.08056415234430406,1.0,12.0,0.6377403495461038
1506.0,1541290911459.0,1541290912853.0,0.0,5.0,0.0,4.0,0.0,0.6556904529299615
1507.0,1541290912807.0,1541290912906.0,1.0,0.0,0.0,10.0,7.0,0.5003999819225966
1508.0,1541290911456.0,1541290911788.0,1.0,0.0,0.0,3.0,7.0,0.9661406389390389
1509.0,1541290912517.0,1541290913607.0,0.0,5.0,0.9823592945655111,0.0,1.0,0.7005510745148245
1510.0,1541290912226.0,1541290912641.0,0.0,3.0,0.03873802858911711,3.0,13.0,0.8675158088657102
1511.0,1541290912332.0,1541290912976.0,0.0,4.0,0.0,0.0,8.0,1.0
1512.0,1541290912041.0,1541290912506.0,0.0,4.0,0.0,6.0,3.0,0.603085863435613
1513.0,1541290912183.0,1541290912621.0,0.0,5.0,0.0,0.0,3.0,0.6620520432364942
1514.0,1541290911769.0,1541290912690.0,0.0,6.0,0.3854772906961784,2.0,13.0,0.8437266368648874
1515.0,1541290912282.0,1541290912080.0,0.0,1.0,0.9532957666397841,2.0,7.0,0.7110308559109835
1516.0,1541290911933.0,1541290912176.0,0.0,1.0,0.0,4.0,0.0,0.549248121666154
1517.0,1541290912717.0,1541290912898.0,0.0,7.0,0.549705355759977,0.0,0.0,0.541842859128596
1518.0,1541290911734.0,1541290912295.0,1.0,3.0,0.019494405173109616,3.0,11.0,0.795127803221094
1519.0,1541290912522.0,1541290912883.0,0.0,2.0,0.40374596683532316,6.0,4.0,0.7912935791661382
1520.0,1541290911240.0,1541290911583.0,0.0,1.0,0.5364449057135486,1.0,8.0,0.7362678765590792
1521.0,1541290912751.0,1541290912986.0,0.0,5.0,0.47700478229056864,5.0,5.0,0.3317486207499503
1522.0,1541290912286.0,1541290912985.0,0.0,3.0,0.0,4.0,10.0,0.619882983267652
1523.0,1541290911918.0,1541290912671.0,0.0,5.0,0.0,1.0,2.0,0.693109649936245
1524.0,1541290912133.0,1541290912729.0,0.0,6.0,0.0,2.0,6.0,0.5651628306340758
1525.0,1541290910898.0,1541290910930.0,0.0,4.0,0.3964227841900101,2.0,20.0,0.5031826486155451
1526.0,1541290910930.0,1541290912140.0,0.0,6.0,0.053877174520360095,1.0,19.0,0.7584154181367231
1527.0,1541290912030.0,1541290911862.0,0.0,2.0,0.5835501688469102,1.0,3.0,1.0
1528.0,1541290912300.0,1541290913422.0,0.0,0.0,0.717916105720254,2.0,0.0,0.638228297762887
1529.0,1541290912397.0,1541290911971.0,0.0,2.0,0.13805158511862217,6.0,3.0,0.5356137069574893
1530.0,1541290912549.0,1541290912777.0,1.0,2.0,0.0,4.0,5.0,1.0
1531.0,1541290911836.0,1541290912928.0,0.0,6.0,0.0,2.0,5.0,0.6852262014568226
1532.0,1541290911846.0,1541290912245.0,0.0,3.0,0.7974298097082486,4.0,8.0,0.605800564734037
1533.0,1541290911920.0,1541290913491.0,0.0,0.0,0.0,8.0,2.0,0.8463324403470738
1534.0,1541290911966.0,1541290912217.0,1.0,3.0,0.0,3.0,6.0,0.44186118281997216
1535.0,1541290911954.0,1541290912517.0,1.0,7.0,0.8903117982664518,3.0,6.0,0.7500695398450796
1536.0,1541290912422.0,1541290913759.0,0.0,5.0,0.0,4.0,9.0,0.6193214655405791
1537.0,1541290911352.0,1541290911590.0,0.0,5.0,0.4285373924074558,0.0,11.0,0.6035378069087588
1538.0,1541290912059.0,1541290912503.0,0.0,6.0,0.0,1.0,0.0,0.8573977765429768
1539.0,1541290911879.0,1541290912660.0,0.0,6.0,0.0,0.0,0.0,1.0
1540.0,1541290912165.0,1541290913348.0,0.0,3.0,0.19332903393176665,3.0,4.0,0.5807828169917708
1541.0,1541290912290.0,1541290912197.0,0.0,2.0,0.0,1.0,1.0,0.7714334839073179
1542.0,1541290911984.0,1541290912663.0,1.0,5.0,0.5013923834441116,0.0,3.0,0.7850701329866175
1543.0,1541290912112.0,1541290912310.0,0.0,4.0,0.4667961089835203,6.0,1.0,0.29572479467197876
1544.0,1541290911307.0,1541290912121.0,0.0,2.0,0.0,5.0,5.0,0.9262109757806127
1545.0,1541290912798.0,1541290912728.0,0.0,7.0,0.0,2.0,3.0,1.0
1546.0,1541290912252.0,1541290912836.0,0.0,7.0,0.36332073083588445,2.0,8.0,0.5184446446659406
1547.0,1541290912854.0,1541290913615.0,0.0,4.0,0.3599771408287108,0.0,14.0,0.578912045226881
1548.0,1541290911397.0,1541290913180.0,1.0,2.0,0.0,3.0,7.0,0.5089173991027389
1549.0,1541290911589.0,1541290911713.0,0.0,5.0,0.0,4.0,8.0,0.8906682360825089
1550.0,1541290912386.0,1541290912493.0,0.0,5.0,0.49438019517950016,0.0,9.0,0.47763985000272235
1551.0,1541290912300.0,1541290912718.0,1.0,3.0,0.687168551728756,4.0,6.0,0.8710190937874162
1552.0,1541290912184.0,1541290912584.0,1.0,2.0,0.31371466109298957,1.0,5.0,0.8655001713054196
1553.0,1541290911846.0,1541290912730.0,0.0,4.0,0.0,0.0,2.0,0.5092967769441772
1554.0,1541290911779.0,1541290911957.0,1.0,0.0,0.11825564118259821,1.0,7.0,0.5821358578739452
1555.0,1541290912272.0,1541290912653.0,0.0,1.0,0.0,3.0,11.0,0.7074893716171621
1556.0,1541290911538.0,1541290912318.0,1.0,0.0,0.0922642037426694,4.0,8.0,0.9563225749119428
1557.0,1541290912185.0,1541290912523.0,0.0,9.0,0.0,1.0,6.0,0.3605334100375059
1558.0,1541290912506.0,1541290913565.0,0.0,0.0,0.0,9.0,12.0,0.5950861877348745
1559.0,1541290912013.0,1541290911929.0,0.0,6.0,0.03853952366808256,0.0,2.0,0.6499933322823674
1560.0,1541290911824.0,1541290912444.0,1.0,5.0,0.16064714100622168,1.0,0.0,0.6528135545454822
1561.0,1541290912360.0,1541290912322.0,0.0,0.0,0.49031126789501667,5.0,4.0,0.7458352679830655
1562.0,1541290911807.0,1541290912769.0,1.0,5.0,0.34167116302361766,2.0,7.0,0.7236186698810377
1563.0,1541290911883.0,1541290912784.0,0.0,1.0,0.07815042872877086,4.0,6.0,1.0
1564.0,1541290912383.0,1541290912870.0,0.0,3.0,0.0,1.0,10.0,0.6772537167415903
1565.0,1541290910914.0,1541290910832.0,0.0,0.0,0.0,1.0,13.0,1.0
1566.0,1541290911851.0,1541290912523.0,1.0,1.0,0.3613239123618718,5.0,1.0,0.7455776246782053
1567.0,1541290911877.0,1541290912635.0,1.0,1.0,0.0,0.0,7.0,0.5233529316753198
1568.0,1541290912440.0,1541290912842.0,0.0,1.0,0.9514405179396435,5.0,7.0,0.7741205987496056
1569.0,1541290911763.0,1541290912176.0,0.0,2.0,0.0,1.0,8.0,0.9010721716987256
1570.0,1541290911777.0,1541290912188.0,1.0,3.0,0.07169793929504806,2.0,0.0,0.3924879492445714
1571.0,1541290912325.0,1541290912756.0,1.0,1.0,0.43690089109155306,2.0,11.0,0.536257562833001
1572.0,1541290912505.0,1541290914029.0,0.0,0.0,0.29762117295059043,4.0,1.0,0.44821488223629435
1573.0,1541290912000.0,1541290911952.0,1.0,5.0,0.0,2.0,11.0,0.5488949716089672
1574.0,1541290911775.0,1541290912301.0,0.0,3.0,0.47005007393315257,0.0,5.0,0.5236211184777283
1575.0,1541290912199.0,1541290911855.0,0.0,1.0,0.0484737549366784,0.0,5.0,0.6261606133848392
1576.0,1541290911358.0,1541290911982.0,0.0,5.0,0.0,2.0,8.0,0.6849291379014804
1577.0,1541290911685.0,1541290912669.0,0.0,2.0,0.0,5.0,0.0,0.6080097546683914
1578.0,1541290912044.0,1541290912300.0,0.0,4.0,0.5329625615586958,4.0,3.0,0.9612107136888046
1579.0,1541290912336.0,1541290912934.0,1.0,5.0,0.0,3.0,11.0,0.6222055485410535
1580.0,1541290912224.0,1541290912373.0,0.0,6.0,0.708415454128785,3.0,0.0,0.6707452264964112
1581.0,1541290911685.0,1541290911707.0,0.0,5.0,0.0,1.0,5.0,0.8331379469617058
1582.0,1541290911854.0,1541290911749.0,0.0,4.0,0.0,0.0,8.0,0.9856591303808531
1583.0,1541290912312.0,1541290912972.0,0.0,0.0,0.0,1.0,8.0,0.6486000159579617
1584.0,1541290912147.0,1541290913225.0,1.0,3.0,0.0,1.0,9.0,0.48582891392586536
1585.0,1541290911540.0,1541290912544.0,1.0,3.0,0.5736471850698871,10.0,6.0,0.9224421909784015
1586.0,1541290912243.0,1541290913247.0,0.0,12.0,0.07491493771947937,1.0,4.0,0.846843279937806
1587.0,1541290912461.0,1541290913269.0,1.0,5.0,0.0,4.0,16.0,0.6648260668865095
1588.0,1541290913027.0,1541290913285.0,0.0,7.0,0.0,2.0,4.0,0.7605787570859814
1589.0,1541290911830.0,1541290912293.0,0.0,2.0,0.368957246441068,1.0,8.0,0.5038530238541656
1590.0,1541290911931.0,1541290911743.0,0.0,5.0,0.0,0.0,14.0,0.5886201748524482
1591.0,1541290912050.0,1541290912144.0,1.0,4.0,0.2207766664546004,2.0,3.0,1.0
1592.0,1541290912597.0,1541290913245.0,0.0,1.0,0.0,2.0,9.0,0.5663694127306194
1593.0,1541290911674.0,1541290912460.0,0.0,3.0,0.685278916535247,0.0,9.0,0.8677797619651806
1594.0,1541290912306.0,1541290913279.0,0.0,2.0,0.8166860279604156,0.0,2.0,1.0
1595.0,1541290911662.0,1541290912643.0,0.0,2.0,1.0,3.0,0.0,0.47484365517502025
1596.0,1541290911329.0,1541290911452.0,0.0,1.0,0.3411627714460843,8.0,2.0,0.7773420144799021
1597.0,1541290911699.0,1541290912205.0,0.0,5.0,0.0,2.0,6.0,0.5828112544048633
1598.0,1541290911667.0,1541290912279.0,1.0,3.0,0.5826718515747219,2.0,1.0,0.39437095840551045
1599.0,1541290911233.0,1541290911594.0,0.0,0.0,0.9926326737436099,1.0,6.0,0.6404776370365155
1600.0,1541290912439.0,1541290912948.0,0.0,4.0,0.8101223255605371,0.0,8.0,0.6904315914987802
1601.0,1541290912640.0,1541290913811.0,0.0,2.0,0.0,2.0,10.0,0.6772136525047885
1602.0,1541290912656.0,1541290913436.0,0.0,1.0,0.0,4.0,3.0,0.6379841021393594
1603.0,1541290912244.0,1541290912882.0,0.0,2.0,0.4284056674599027,3.0,4.0,0.6933272825447115
1604.0,1541290912549.0,1541290912916.0,0.0,0.0,0.0,3.0,7.0,0.8694389769294002
1605.0,1541290911873.0,1541290912496.0,0.0,5.0,0.0,0.0,0.0,0.6646571825880583
1606.0,1541290911693.0,1541290912810.0,0.0,4.0,0.27953219519683287,7.0,0.0,0.752500411163399
1607.0,1541290912247.0,1541290912830.0,0.0,0.0,0.0,7.0,18.0,0.613102164044776
1608.0,1541290912865.0,1541290913234.0,0.0,2.0,0.0,7.0,3.0,0.6559705570070646
1609.0,1541290911678.0,1541290911665.0,1.0,3.0,0.10908519595544368,1.0,15.0,0.8641568308434501
1610.0,1541290911512.0,1541290912356.0,1.0,2.0,0.3790955566965376,4.0,9.0,0.5940855265611575
1611.0,1541290912610.0,1541290912702.0,0.0,0.0,0.0,3.0,15.0,0.8036502674529102
1612.0,1541290912026.0,1541290912862.0,0.0,0.0,1.0,5.0,4.0,0.8686600380297456
1613.0,1541290912275.0,1541290912902.0,1.0,0.0,0.0,1.0,7.0,0.7751857452368056
1614.0,1541290912395.0,1541290912865.0,1.0,6.0,0.0,3.0,4.0,0.6527777552077205
1615.0,1541290911892.0,1541290912351.0,0.0,5.0,0.2454914642249964,4.0,0.0,0.6894992007659279
1616.0,1541290912359.0,1541290912719.0,0.0,3.0,0.4906887447704479,3.0,14.0,0.6369317429992426
1617.0,1541290911525.0,1541290912458.0,0.0,0.0,0.0,2.0,1.0,0.8310047524604539
1618.0,1541290912532.0,1541290913529.0,0.0,0.0,0.0,2.0,10.0,0.5592113050645084
1619.0,1541290912094.0,1541290912291.0,0.0,5.0,0.416863650888714,2.0,7.0,1.0
1620.0,1541290911874.0,1541290911883.0,0.0,2.0,0.06600403751384736,3.0,5.0,0.69492071838871
1621.0,1541290912576.0,1541290912627.0,0.0,1.0,0.08151153200988592,7.0,5.0,1.0
1622.0,1541290912496.0,1541290913174.0,1.0,1.0,0.0,5.0,6.0,0.595151841574787
1623.0,1541290912447.0,1541290912430.0,1.0,4.0,0.0,3.0,7.0,0.7301370513097465
1624.0,1541290912016.0,1541290912180.0,1.0,1.0,0.0,2.0,4.0,0.8324984243486899
1625.0,1541290911760.0,1541290911674.0,0.0,0.0,0.0,0.0,5.0,0.8331578206119991
1626.0,1541290912425.0,1541290912571.0,0.0,3.0,0.0014995893587074899,0.0,15.0,0.7323539110361093
1627.0,1541290911725.0,1541290911944.0,1.0,2.0,0.41624754645433515,1.0,0.0,0.48034075711618485
1628.0,1541290912206.0,1541290912777.0,0.0,5.0,0.0,3.0,7.0,0.9882208407201298
1629.0,1541290911923.0,1541290912865.0,0.0,0.0,0.6800217188522822,5.0,8.0,0.6480030986364896
1630.0,1541290912144.0,1541290913251.0,1.0,2.0,0.21070851262036,1.0,6.0,0.513803087323099
1631.0,1541290912951.0,1541290913142.0,0.0,1.0,0.0,4.0,4.0,0.5940726403601504
1632.0,1541290912197.0,1541290912653.0,1.0,1.0,0.7252980916209232,2.0,1.0,0.8339599624238
1633.0,1541290911085.0,1541290911181.0,0.0,0.0,0.26154554026481236,5.0,2.0,0.4702937619855886
1634.0,1541290912289.0,1541290911746.0,1.0,4.0,0.0,2.0,2.0,1.0
1635.0,1541290911800.0,1541290912544.0,0.0,5.0,0.0,2.0,0.0,0.6923652407577303
1636.0,1541290911586.0,1541290911632.0,0.0,0.0,1.0,0.0,4.0,1.0
1637.0,1541290911788.0,1541290912155.0,0.0,4.0,0.0,4.0,4.0,0.8847884311068241
1638.0,1541290911208.0,1541290912179.0,0.0,5.0,0.0,0.0,1.0,0.9727901896608424
1639.0,1541290912148.0,1541290912664.0,0.0,5.0,0.0,4.0,5.0,0.4830944997153399
1640.0,1541290912503.0,1541290912978.0,0.0,0.0,0.0660190731551383,6.0,3.0,0.45878166196294656
1641.0,1541290912283.0,1541290913867.0,0.0,5.0,0.7073636613266474,2.0,5.0,0.7378229917827517
1642.0,1541290912150.0,1541290912040.0,1.0,0.0,0.40882925592282704,2.0,6.0,0.7081952794930534
1643.0,1541290912139.0,1541290911586.0,1.0,7.0,0.27152905343680334,7.0,1.0,0.26252088399316825
1644.0,1541290912159.0,1541290912129.0,0.0,4.0,0.0,0.0,8.0,0.46892619239757016
1645.0,1541290912199.0,1541290912377.0,0.0,1.0,0.0,1.0,8.0,0.32132552939904485
1646.0,1541290911797.0,1541290912021.0,0.0,0.0,0.0,3.0,16.0,0.6717354581533482
1647.0,1541290912305.0,1541290913252.0,1.0,3.0,0.0,1.0,0.0,0.6990226066183314
1648.0,1541290912112.0,1541290912892.0,1.0,1.0,0.0,5.0,11.0,0.8943311603708386
1649.0,1541290912217.0,1541290912740.0,0.0,0.0,0.8303437366624447,2.0,8.0,0.5847996674213454
1650.0,1541290912472.0,1541290913061.0,1.0,8.0,0.01984242259022255,2.0,13.0,0.8970576795091513
1651.0,1541290911619.0,1541290912387.0,1.0,5.0,0.6406758508302989,5.0,0.0,0.45707664187600633
1652.0,1541290912300.0,1541290912791.0,0.0,7.0,0.12483620792310675,1.0,13.0,0.4176595214951364
1653.0,1541290912632.0,1541290912903.0,0.0,3.0,0.5064804617560639,5.0,0.0,0.9229326598618233
1654.0,1541290911987.0,1541290913132.0,0.0,7.0,0.3525389735184875,0.0,3.0,0.6229929948889443
1655.0,1541290912071.0,1541290913284.0,0.0,5.0,0.9181390545502399,5.0,9.0,0.8853407658279433
1656.0,1541290911545.0,1541290912461.0,0.0,5.0,0.29581154727829373,2.0,3.0,0.5272133924002539
1657.0,1541290912267.0,1541290912668.0,0.0,5.0,0.01643080809501965,0.0,2.0,0.7280746854283908
1658.0,1541290911603.0,1541290911958.0,0.0,6.0,0.0,2.0,4.0,0.6691034093001884
1659.0,1541290912449.0,1541290913203.0,0.0,1.0,0.09329687237768439,2.0,4.0,0.446267419670943
1660.0,1541290912242.0,1541290912992.0,0.0,1.0,0.0,0.0,3.0,0.2620417977652312
1661.0,1541290912540.0,1541290912825.0,0.0,4.0,0.2449090222487931,4.0,3.0,0.6186006761340382
1662.0,1541290912416.0,1541290913421.0,0.0,1.0,0.0,0.0,7.0,0.7514261166241906
1663.0,1541290912175.0,1541290913103.0,1.0,5.0,0.0,3.0,2.0,0.48416649258744426
1664.0,1541290911968.0,1541290912252.0,0.0,0.0,0.25214186365703856,2.0,9.0,0.8729807451787719
1665.0,1541290912062.0,1541290912883.0,0.0,0.0,0.047885275666017545,1.0,9.0,0.5402669876677896
1666.0,1541290911911.0,1541290912187.0,0.0,3.0,0.0,0.0,14.0,0.8584816115451253
1667.0,1541290911875.0,1541290911792.0,1.0,9.0,0.721344096855718,1.0,0.0,0.4845357347368394
1668.0,1541290912097.0,1541290912686.0,0.0,3.0,0.08000812666895125,0.0,7.0,0.7251664668738227
1669.0,1541290911356.0,1541290912026.0,1.0,2.0,0.0,2.0,11.0,0.6615846138107244
1670.0,1541290911999.0,1541290912973.0,0.0,8.0,1.0,9.0,1.0,0.7240505133347497
1671.0,1541290911979.0,1541290912726.0,1.0,0.0,0.34395582177097694,3.0,6.0,0.8572825608511812
1672.0,1541290912373.0,1541290913291.0,1.0,7.0,0.0,7.0,5.0,0.6103692579777444
1673.0,1541290911777.0,1541290911948.0,0.0,2.0,0.8701085436232697,2.0,4.0,0.8331103815901263
1674.0,1541290911276.0,1541290911996.0,1.0,7.0,0.5084362641087674,4.0,1.0,0.5718622635976243
1675.0,1541290911238.0,1541290911946.0,0.0,7.0,0.6848655381915039,1.0,0.0,0.6880227774455845
1676.0,1541290911389.0,1541290911531.0,0.0,1.0,0.0,8.0,2.0,0.8263211898616483
1677.0,1541290912163.0,1541290912845.0,1.0,8.0,0.04523797654709805,0.0,5.0,0.6010442382150695
1678.0,1541290912196.0,1541290912768.0,1.0,0.0,0.0,4.0,2.0,0.3893870989096849
1679.0,1541290911668.0,1541290912196.0,0.0,4.0,0.6778562210706224,3.0,6.0,0.9923085309661235
1680.0,1541290910839.0,1541290911400.0,0.0,4.0,0.20131219450528476,0.0,4.0,0.534026331069139
1681.0,1541290911965.0,1541290912980.0,0.0,5.0,0.0,0.0,0.0,0.8632901394919156
1682.0,1541290912091.0,1541290913138.0,0.0,2.0,0.0,4.0,18.0,0.8502514210549323
1683.0,1541290912110.0,1541290912294.0,0.0,2.0,0.0,3.0,0.0,0.9273037739715626
1684.0,1541290911792.0,1541290912582.0,0.0,1.0,1.0,4.0,0.0,0.6839427488962476
1685.0,1541290911937.0,1541290912099.0,0.0,3.0,0.6039114339406462,0.0,0.0,0.6894649536925586
1686.0,1541290911750.0,1541290912327.0,0.0,1.0,0.0,4.0,6.0,0.7536920666923025
1687.0,1541290912182.0,1541290913333.0,1.0,0.0,1.0,0.0,6.0,0.7451630348922228
1688.0,1541290911931.0,1541290912920.0,1.0,5.0,0.7531262428658974,3.0,2.0,1.0
1689.0,1541290911975.0,1541290911923.0,0.0,4.0,0.0,4.0,7.0,0.6367434790867457
1690.0,1541290911577.0,1541290912831.0,1.0,2.0,0.4905558885555348,0.0,1.0,0.6232026224522336
1691.0,1541290910757.0,1541290911507.0,1.0,2.0,0.0,0.0,7.0,0.7102606338671182
1692.0,1541290912202.0,1541290913267.0,0.0,1.0,0.43073642379753685,1.0,1.0,1.0
1693.0,1541290911604.0,1541290912024.0,1.0,3.0,0.6101922272699138,4.0,5.0,0.9594442371888688
1694.0,1541290911851.0,1541290912524.0,0.0,6.0,0.0317111363799497,2.0,3.0,1.0
1695.0,1541290912605.0,1541290913298.0,0.0,8.0,0.0,5.0,8.0,0.980593423692795
1696.0,1541290911588.0,1541290911876.0,0.0,0.0,0.0,4.0,3.0,0.8685053356475204
1697.0,1541290912230.0,1541290913365.0,0.0,5.0,0.0,3.0,13.0,0.8233387050749194
1698.0,1541290911336.0,1541290912111.0,0.0,3.0,0.0,6.0,6.0,0.8647496154480181
1699.0,1541290913223.0,1541290913560.0,0.0,4.0,0.0,1.0,12.0,0.8719778973177712
1700.0,1541290911912.0,1541290913083.0,0.0,1.0,0.155552140049591,4.0,7.0,0.47999158926022134
1701.0,1541290912614.0,1541290913638.0,1.0,2.0,0.9575187160559261,8.0,7.0,0.38923668979282855
1702.0,1541290912157.0,1541290913227.0,0.0,3.0,0.568417063107053,0.0,2.0,0.937938685133207
1703.0,1541290912182.0,1541290912582.0,0.0,3.0,0.2711612603833474,0.0,7.0,0.5867236288991914
1704.0,1541290911913.0,1541290912238.0,0.0,1.0,0.2885638176447799,3.0,9.0,1.0
1705.0,1541290911459.0,1541290911955.0,0.0,6.0,0.16532032883031203,2.0,8.0,0.6552689510363772
1706.0,1541290911882.0,1541290912228.0,1.0,3.0,0.26761329860181204,1.0,5.0,0.6509391350607199
1707.0,1541290912626.0,1541290913260.0,0.0,3.0,0.0,1.0,10.0,0.6798771526397956
1708.0,1541290912140.0,1541290913092.0,1.0,6.0,0.0,4.0,4.0,0.5265322064231555
1709.0,1541290912500.0,1541290913805.0,0.0,7.0,0.0,3.0,5.0,0.5953567427118034
1710.0,1541290911666.0,1541290912264.0,0.0,1.0,1.0,0.0,4.0,0.6629403544619401
1711.0,1541290911920.0,1541290913194.0,1.0,3.0,0.0,1.0,2.0,0.5495285177901433
1712.0,1541290911610.0,1541290912505.0,0.0,6.0,0.18748716614692107,0.0,2.0,0.8399753591827405
1713.0,1541290912737.0,1541290913005.0,0.0,1.0,0.2770311294072181,3.0,5.0,0.9977362185416274
1714.0,1541290913065.0,1541290913748.0,0.0,3.0,0.2696981765265537,5.0,6.0,0.701498506825991
1715.0,1541290912494.0,1541290912698.0,0.0,4.0,0.36713299431989677,2.0,6.0,0.6562078741201236
1716.0,1541290912309.0,1541290913418.0,0.0,0.0,0.35727607883657986,0.0,2.0,0.9085336449837522
1717.0,1541290912125.0,1541290912247.0,0.0,4.0,0.0,2.0,13.0,0.6460504924418646
1718.0,1541290912445.0,1541290912889.0,1.0,1.0,0.0,0.0,5.0,0.46211326577984957
1719.0,1541290911698.0,1541290912278.0,0.0,2.0,0.0,3.0,9.0,0.7071993271339417
1720.0,1541290911863.0,1541290912277.0,0.0,2.0,0.24125884343082277,1.0,13.0,0.5488091229230008
1721.0,1541290913209.0,1541290912789.0,0.0,5.0,0.9588616326788835,7.0,16.0,0.7537515493639464
1722.0,1541290911586.0,1541290912149.0,0.0,3.0,0.0,2.0,10.0,0.7326598392514925
1723.0,1541290911669.0,1541290911808.0,0.0,1.0,0.0,1.0,7.0,0.6723798371825838
1724.0,1541290911899.0,1541290912364.0,0.0,5.0,0.0,2.0,10.0,0.47235553062186403
1725.0,1541290912694.0,1541290912728.0,0.0,3.0,0.0,0.0,12.0,0.4880011307804729
1726.0,1541290912271.0,1541290912055.0,1.0,3.0,0.0,0.0,1.0,0.5442938920671065
1727.0,1541290912643.0,1541290913637.0,0.0,4.0,0.1825014779754991,0.0,3.0,0.5065920652200342
1728.0,1541290912185.0,1541290912313.0,0.0,1.0,0.0,0.0,2.0,0.7935274725391979
1729.0,1541290911676.0,1541290912293.0,1.0,2.0,0.0,0.0,7.0,0.4471312445491345
1730.0,1541290912318.0,1541290912797.0,0.0,0.0,0.12214326456290217,2.0,5.0,0.8869434048154567
1731.0,1541290911861.0,1541290911976.0,0.0,0.0,0.0,0.0,3.0,0.0905993554486123
1732.0,1541290912136.0,1541290912811.0,1.0,7.0,0.18966903518726103,0.0,5.0,0.8079586751393129
1733.0,1541290911437.0,1541290911660.0,0.0,2.0,0.0,1.0,15.0,0.7185272460841643
1734.0,1541290911794.0,1541290912204.0,0.0,2.0,0.06617230392105294,4.0,10.0,0.7261542303239432
1735.0,1541290911888.0,1541290912081.0,1.0,5.0,0.16783467645168038,4.0,8.0,0.681666738930026
1736.0,1541290911433.0,1541290912349.0,0.0,2.0,0.19874962910128624,1.0,4.0,0.3142867924035014
1737.0,1541290912093.0,1541290912890.0,0.0,3.0,0.0,5.0,3.0,0.9781636838514558
1738.0,1541290911960.0,1541290913147.0,0.0,11.0,0.0,2.0,4.0,0.5479733122142894
1739.0,1541290911837.0,1541290911857.0,0.0,5.0,0.5470370316110446,1.0,7.0,0.6847205168006445
1740.0,1541290911876.0,1541290912596.0,0.0,4.0,0.38446117188273665,4.0,5.0,0.5058694116494996
1741.0,1541290912020.0,1541290912084.0,1.0,1.0,0.0,5.0,1.0,0.9627098416206885
1742.0,1541290912165.0,1541290912132.0,0.0,6.0,0.46610664678646907,2.0,8.0,0.6456618376652851
1743.0,1541290912079.0,1541290912686.0,0.0,1.0,0.8082463126683841,4.0,7.0,0.786818960703976
1744.0,1541290912423.0,1541290912726.0,1.0,2.0,0.8136418820848753,4.0,4.0,0.8690813616375364
1745.0,1541290911746.0,1541290911955.0,0.0,9.0,0.715864357388298,0.0,13.0,0.6835323994137805
1746.0,1541290912339.0,1541290912783.0,0.0,6.0,0.049807370494397006,0.0,3.0,0.6522941180021986
1747.0,1541290911321.0,1541290912093.0,1.0,4.0,0.26499534001813563,1.0,11.0,0.39357362582709193
1748.0,1541290912458.0,1541290912618.0,0.0,1.0,0.0,6.0,9.0,0.7428217598289125
1749.0,1541290912214.0,1541290913365.0,0.0,4.0,0.29043078040328074,1.0,10.0,0.74112270384379
1750.0,1541290911740.0,1541290912228.0,0.0,0.0,0.76283175887339,4.0,3.0,0.8454619613884152
1751.0,1541290911705.0,1541290912611.0,0.0,2.0,0.0,6.0,10.0,0.4402709043704573
1752.0,1541290911888.0,1541290911983.0,0.0,3.0,0.0,0.0,5.0,0.3391167961043456
1753.0,1541290912612.0,1541290913415.0,0.0,1.0,0.0,5.0,8.0,0.8272697947006177
1754.0,1541290911743.0,1541290912177.0,0.0,2.0,0.3003938485872668,2.0,2.0,0.9015526330756812
1755.0,1541290912187.0,1541290912735.0,1.0,2.0,0.0,2.0,11.0,0.6583922317309865
1756.0,1541290912122.0,1541290913036.0,0.0,0.0,0.6445889055867918,2.0,4.0,0.7842158888042783
1757.0,1541290911942.0,1541290912339.0,1.0,4.0,0.0,3.0,6.0,0.7164630599389753
1758.0,1541290912798.0,1541290913212.0,1.0,5.0,0.47481572511448245,1.0,0.0,0.63950928250546
1759.0,1541290912345.0,1541290912510.0,0.0,1.0,0.48821615905368887,4.0,12.0,0.4282821441110572
1760.0,1541290912178.0,1541290912832.0,1.0,0.0,0.0,1.0,11.0,0.773970324386352
1761.0,1541290912327.0,1541290912172.0,0.0,4.0,0.15050294107220252,4.0,6.0,0.6708925077013244
1762.0,1541290912367.0,1541290913193.0,0.0,0.0,1.0,0.0,9.0,0.575471658761983
1763.0,1541290911638.0,1541290911788.0,1.0,1.0,0.17397163408466582,6.0,1.0,0.5418500951050098
1764.0,1541290911977.0,1541290912790.0,0.0,6.0,0.1740816820987697,2.0,7.0,0.580162675820493
1765.0,1541290912632.0,1541290913618.0,0.0,5.0,0.4038254756133203,1.0,5.0,0.5076780202848488
1766.0,1541290912246.0,1541290912282.0,0.0,0.0,0.20437846046162267,2.0,7.0,0.6633295577164622
1767.0,1541290912228.0,1541290912422.0,1.0,3.0,0.6367985327796581,1.0,5.0,0.7657318322063473
1768.0,1541290912241.0,1541290913345.0,1.0,8.0,0.3638983075290897,8.0,7.0,0.736997546420258
1769.0,1541290911798.0,1541290912300.0,1.0,6.0,0.0,5.0,10.0,0.7702917055982671
1770.0,1541290911888.0,1541290912731.0,0.0,1.0,0.829971582355689,7.0,4.0,0.8117587626841007
1771.0,1541290912479.0,1541290912754.0,0.0,6.0,0.0,1.0,2.0,0.8322304509069955
1772.0,1541290912324.0,1541290913011.0,0.0,3.0,0.0,2.0,2.0,0.7579755735817386
1773.0,1541290912215.0,1541290913358.0,0.0,1.0,0.0,0.0,5.0,0.9373026947057971
1774.0,1541290911772.0,1541290912259.0,1.0,0.0,0.18303450335389138,2.0,12.0,0.970015940732301
1775.0,1541290912022.0,1541290912433.0,1.0,6.0,0.6359662897274772,4.0,6.0,0.3661025815911514
1776.0,1541290911484.0,1541290911975.0,0.0,1.0,0.2547201566580574,3.0,1.0,0.9138509204336032
1777.0,1541290911790.0,1541290912593.0,0.0,2.0,0.6230082787636771,4.0,0.0,0.49150550877197685
1778.0,1541290911902.0,1541290912580.0,1.0,5.0,1.0,2.0,7.0,0.9854639070720073
1779.0,1541290912651.0,1541290913434.0,1.0,5.0,0.5136331432052349,0.0,4.0,0.8267392947012688
1780.0,1541290911464.0,1541290912012.0,1.0,6.0,0.42439323351396285,4.0,2.0,0.46753528133758504
1781.0,1541290911899.0,1541290911603.0,0.0,3.0,0.0,1.0,6.0,1.0
1782.0,1541290912168.0,1541290912343.0,0.0,3.0,0.6371118343515656,1.0,9.0,0.5076601985881429
1783.0,1541290912122.0,1541290912861.0,1.0,0.0,0.38976471401405877,7.0,3.0,0.7412913860629391
1784.0,1541290912526.0,1541290913449.0,0.0,2.0,0.1126812026198323,2.0,1.0,0.5817983374844674
1785.0,1541290912108.0,1541290912123.0,1.0,0.0,0.0,6.0,8.0,0.7327298474095784
1786.0,1541290912616.0,1541290913066.0,0.0,2.0,0.0,4.0,5.0,1.0
1787.0,1541290912290.0,1541290912846.0,0.0,1.0,0.4620854535490596,0.0,4.0,0.4510107656465683
1788.0,1541290912094.0,1541290912196.0,0.0,3.0,0.5755767575170615,5.0,3.0,0.792501737020487
1789.0,1541290911892.0,1541290911361.0,0.0,1.0,0.8134782308519745,1.0,0.0,0.48534504429159075
1790.0,1541290912133.0,1541290912649.0,1.0,0.0,0.2693636271587746,2.0,0.0,0.5354049074766345
1791.0,1541290912671.0,1541290913402.0,1.0,5.0,0.5256642040138366,1.0,3.0,1.0
1792.0,1541290911918.0,1541290912192.0,0.0,2.0,0.6054895300348458,5.0,9.0,0.9840085416054718
1793.0,1541290911927.0,1541290912580.0,0.0,1.0,0.3224244595109177,1.0,17.0,0.7153974180544972
1794.0,1541290912183.0,1541290912645.0,1.0,2.0,0.0,3.0,14.0,0.802770024224084
1795.0,1541290912175.0,1541290912717.0,0.0,3.0,0.25288632601722316,5.0,15.0,0.5091112508835353
1796.0,1541290911983.0,1541290912471.0,0.0,1.0,0.0,5.0,7.0,0.73528691819455
1797.0,1541290911959.0,1541290912212.0,0.0,2.0,0.2472664744837529,0.0,7.0,0.7987079551364313
1798.0,1541290912244.0,1541290912671.0,1.0,1.0,0.4510957069321804,5.0,0.0,0.5771329543928528
1799.0,1541290911381.0,1541290912043.0,1.0,2.0,0.49017598147359953,0.0,10.0,0.5723916158152647
1800.0,1541290912198.0,1541290912120.0,0.0,4.0,0.011096768177644822,1.0,2.0,0.861408890251558
1801.0,1541290911806.0,1541290911428.0,0.0,6.0,0.4977823285764761,6.0,5.0,0.7866835022203212
1802.0,1541290912227.0,1541290912599.0,0.0,3.0,0.1240364256656484,2.0,7.0,0.638311577756699
1803.0,1541290911615.0,1541290912063.0,0.0,3.0,0.1348999422997653,2.0,5.0,0.7916607417851986
1804.0,1541290911687.0,1541290911725.0,0.0,8.0,0.1521065606548479,0.0,14.0,0.9365763843372905
1805.0,1541290912509.0,1541290913655.0,0.0,3.0,0.004250066202739891,3.0,9.0,0.41793810937536774
1806.0,1541290912078.0,1541290911886.0,1.0,4.0,0.3244491601175052,4.0,5.0,0.7717645239601089
1807.0,1541290911689.0,1541290911582.0,1.0,0.0,0.0,3.0,7.0,0.6978726860582496
1808.0,1541290912017.0,1541290912291.0,0.0,2.0,0.0,1.0,6.0,0.8652308454468017
1809.0,1541290911410.0,1541290911980.0,0.0,2.0,0.8005824197375788,2.0,5.0,0.44752166077061967
1810.0,1541290911544.0,1541290912367.0,0.0,1.0,0.40006291363153834,3.0,1.0,0.9392505614940959
1811.0,1541290912298.0,1541290912811.0,0.0,1.0,0.14745885811727372,1.0,0.0,0.5763305798851579
1812.0,1541290912138.0,1541290912011.0,1.0,2.0,0.14624374429689624,1.0,8.0,0.41191177288664577
1813.0,1541290912404.0,1541290913382.0,0.0,2.0,0.0,3.0,10.0,0.5864835626619997
1814.0,1541290911779.0,1541290912181.0,0.0,7.0,0.2687548394673059,3.0,6.0,0.8050428227238334
1815.0,1541290911748.0,1541290911893.0,1.0,2.0,0.09767774699614443,5.0,3.0,0.5723725683401684
1816.0,1541290912556.0,1541290912392.0,0.0,4.0,0.0,1.0,3.0,0.48960008319608117
1817.0,1541290911888.0,1541290912564.0,1.0,6.0,0.0,7.0,3.0,0.4700578414620402
1818.0,1541290912205.0,1541290912244.0,0.0,4.0,0.0,1.0,4.0,1.0
1819.0,1541290911807.0,1541290912121.0,0.0,3.0,0.0,4.0,2.0,0.7444329021469633
1820.0,1541290911698.0,1541290911707.0,0.0,3.0,0.06927964232271384,0.0,6.0,0.6701724756901906
1821.0,1541290911790.0,1541290913013.0,1.0,4.0,0.0,1.0,6.0,0.7676614932197269
1822.0,1541290911443.0,1541290912029.0,0.0,5.0,0.0,5.0,9.0,1.0
1823.0,1541290912206.0,1541290912710.0,0.0,0.0,0.2887865492474915,1.0,5.0,0.8386848314106752
1824.0,1541290912424.0,1541290912902.0,0.0,5.0,0.0,6.0,6.0,0.5317980218252328
1825.0,1541290912655.0,1541290913497.0,0.0,4.0,1.0,5.0,0.0,0.8306731208300135
1826.0,1541290912207.0,1541290912657.0,0.0,3.0,0.0,3.0,13.0,0.725763250752771
1827.0,1541290912357.0,1541290913251.0,0.0,0.0,0.9368836697827451,6.0,2.0,0.7447109263213295
1828.0,1541290912569.0,1541290913639.0,0.0,5.0,0.11544184028513386,0.0,1.0,0.4818304463475979
1829.0,1541290911879.0,1541290912749.0,0.0,2.0,0.7520209560157364,4.0,1.0,0.716077888263364
1830.0,1541290912532.0,1541290912654.0,0.0,8.0,0.0,0.0,13.0,0.3336051724199914
1831.0,1541290912083.0,1541290911938.0,0.0,1.0,0.8678833866663827,0.0,6.0,0.6359262716876783
1832.0,1541290911855.0,1541290911839.0,0.0,3.0,0.30308896469633895,1.0,0.0,0.9081716495725107
1833.0,1541290912212.0,1541290912608.0,1.0,4.0,0.9938189594692401,1.0,3.0,0.8114208414858308
1834.0,1541290911962.0,1541290912931.0,0.0,6.0,0.0,2.0,3.0,0.8732882950866754
1835.0,1541290912108.0,1541290912951.0,0.0,4.0,0.06170725117996944,3.0,2.0,0.44793883616013025
1836.0,1541290912289.0,1541290913228.0,0.0,1.0,0.2739972932935829,2.0,9.0,0.8778816581922059
1837.0,1541290912323.0,1541290913120.0,0.0,2.0,0.3767892031076642,1.0,2.0,0.7937378065944132
1838.0,1541290912176.0,1541290912893.0,0.0,3.0,0.47074703991937195,3.0,5.0,0.36329668844527363
1839.0,1541290912328.0,1541290912587.0,0.0,1.0,0.0,6.0,8.0,0.9973840613139038
1840.0,1541290912060.0,1541290912390.0,0.0,3.0,0.0,3.0,0.0,0.5294299170866752
1841.0,1541290911855.0,1541290912893.0,0.0,1.0,0.0,10.0,1.0,0.9204006962179161
1842.0,1541290911814.0,1541290912515.0,0.0,3.0,0.08255585082459206,4.0,2.0,0.6442594959244887
1843.0,1541290912183.0,1541290912274.0,0.0,5.0,0.8949668955292824,4.0,12.0,0.6888275328740983
1844.0,1541290912144.0,1541290912553.0,0.0,0.0,0.08344390196208837,0.0,5.0,0.4850570006556495
1845.0,1541290912354.0,1541290913072.0,1.0,4.0,0.856617487987849,7.0,10.0,0.6147561253349847
1846.0,1541290911597.0,1541290912055.0,0.0,2.0,0.0,1.0,0.0,0.7322812255974358
1847.0,1541290912817.0,1541290913545.0,0.0,6.0,0.0,1.0,10.0,0.6446738803534019
1848.0,1541290912128.0,1541290912371.0,0.0,1.0,0.4520900443928414,2.0,15.0,0.6452835013277951
1849.0,1541290911111.0,1541290912050.0,1.0,0.0,0.5469859286944164,0.0,9.0,0.7913217629415711
1850.0,1541290911948.0,1541290912345.0,0.0,2.0,0.1220975627569538,1.0,0.0,0.5422851471121463
1851.0,1541290912039.0,1541290912272.0,1.0,2.0,0.0,5.0,7.0,0.7031556562430441
1852.0,1541290912158.0,1541290913081.0,1.0,6.0,0.0,1.0,8.0,0.6111790161855715
1853.0,1541290911721.0,1541290912164.0,1.0,3.0,0.14773465583973944,4.0,9.0,0.49663519711066856
1854.0,1541290911945.0,1541290912084.0,0.0,6.0,0.25113716915187334,2.0,9.0,0.43596357144138503
1855.0,1541290912312.0,1541290912974.0,0.0,3.0,0.07841352034610051,0.0,0.0,0.7879079644313346
1856.0,1541290911776.0,1541290912045.0,0.0,3.0,0.17114401688353909,5.0,7.0,0.5861043434593436
1857.0,1541290911776.0,1541290912573.0,1.0,7.0,0.0,1.0,1.0,1.0
1858.0,1541290912009.0,1541290911984.0,0.0,7.0,0.0,0.0,4.0,0.711309046219927
1859.0,1541290912517.0,1541290913549.0,0.0,5.0,0.23427781416006124,5.0,1.0,0.7113460454093452
1860.0,1541290912396.0,1541290912884.0,0.0,5.0,0.0,4.0,18.0,1.0
1861.0,1541290912559.0,1541290912141.0,0.0,7.0,0.4415720483651391,2.0,5.0,0.9370236856451603
1862.0,1541290911454.0,1541290912017.0,0.0,0.0,0.43459436115876904,2.0,8.0,0.9338912092036075
1863.0,1541290912277.0,1541290912481.0,0.0,1.0,1.0,0.0,9.0,0.5168855171806507
1864.0,1541290912633.0,1541290913083.0,1.0,1.0,0.15767485909484735,10.0,9.0,0.5966544889317732
1865.0,1541290912348.0,1541290912879.0,0.0,3.0,0.0,2.0,9.0,0.4697505182425443
1866.0,1541290911454.0,1541290912388.0,0.0,0.0,0.2840934551806895,3.0,4.0,0.5518426858913682
1867.0,1541290912218.0,1541290912368.0,0.0,3.0,1.0,4.0,5.0,0.8342543754488414
1868.0,1541290912341.0,1541290912271.0,1.0,1.0,0.0,0.0,13.0,0.4639153836629273
1869.0,1541290912109.0,1541290911958.0,0.0,4.0,0.0,0.0,7.0,0.5568480445525403
1870.0,1541290912013.0,1541290912997.0,0.0,0.0,1.0,1.0,2.0,0.9499092046818833
1871.0,1541290911260.0,1541290911928.0,0.0,5.0,0.5163918266368769,5.0,17.0,0.557454408723999
1872.0,1541290912013.0,1541290912087.0,1.0,1.0,0.5707901831452007,4.0,9.0,0.5369456166842267
1873.0,1541290911637.0,1541290912282.0,0.0,1.0,0.0,4.0,0.0,0.6730284119028302
1874.0,1541290911766.0,1541290912114.0,1.0,4.0,0.7255432738905467,4.0,9.0,1.0
1875.0,1541290911767.0,1541290912648.0,1.0,5.0,0.2555637158230534,3.0,7.0,0.6801383322096084
1876.0,1541290911989.0,1541290912295.0,1.0,1.0,0.9464789642787966,0.0,11.0,0.8555917154954915
1877.0,1541290912024.0,1541290912581.0,0.0,4.0,1.0,4.0,11.0,1.0
1878.0,1541290912197.0,1541290912943.0,0.0,3.0,0.4075445543523193,0.0,16.0,0.34504870190443854
1879.0,1541290912206.0,1541290912959.0,1.0,2.0,0.2174746944975814,1.0,3.0,0.8063293378094976
1880.0,1541290911629.0,1541290912314.0,0.0,7.0,0.29434668045056694,2.0,1.0,0.7988991017396643
1881.0,1541290911598.0,1541290912431.0,0.0,4.0,0.0,1.0,2.0,0.960441682489459
1882.0,1541290911336.0,1541290911831.0,0.0,2.0,0.06490162639460756,0.0,11.0,0.8761792468612633
1883.0,1541290911856.0,1541290912409.0,0.0,3.0,0.0,2.0,10.0,0.6005933856151904
1884.0,1541290910991.0,1541290911245.0,0.0,4.0,0.6980796213478448,4.0,9.0,0.45028911152438766
1885.0,1541290911313.0,1541290911382.0,0.0,4.0,0.2035777723034744,4.0,0.0,0.49592365548122114
1886.0,1541290911994.0,1541290912051.0,0.0,0.0,0.054475440579564445,4.0,4.0,0.32534071933359954
1887.0,1541290911386.0,1541290911518.0,0.0,0.0,0.0,0.0,6.0,0.4344580574394642
1888.0,1541290911988.0,1541290912296.0,1.0,6.0,0.08718449097307537,0.0,14.0,0.825492528462096
1889.0,1541290912237.0,1541290913311.0,1.0,3.0,0.3450441259684508,5.0,5.0,0.6641686392370347
1890.0,1541290912106.0,1541290912985.0,0.0,2.0,0.9882482020077905,1.0,0.0,0.6462559198678893
1891.0,1541290912394.0,1541290913110.0,1.0,5.0,0.0,3.0,3.0,0.5633404742243522
1892.0,1541290912202.0,1541290912833.0,0.0,1.0,0.36410402019396393,3.0,2.0,1.0
1893.0,1541290912327.0,1541290913131.0,0.0,8.0,0.3369250390517299,4.0,12.0,0.8221775060704124
1894.0,1541290912556.0,1541290912860.0,0.0,2.0,0.13708205940022822,3.0,8.0,0.8969634980874328
1895.0,1541290912122.0,1541290913125.0,0.0,2.0,0.0,0.0,4.0,0.9561837333408494
1896.0,1541290912318.0,1541290913050.0,1.0,8.0,0.11331257781957935,7.0,3.0,0.5332367127174676
1897.0,1541290911509.0,1541290911668.0,1.0,3.0,0.004461053950018612,0.0,0.0,0.9308751946167159
1898.0,1541290911646.0,1541290911937.0,0.0,1.0,0.0981029956994862,2.0,2.0,0.8535896011221714
1899.0,1541290911542.0,1541290911693.0,0.0,6.0,0.0,4.0,3.0,0.5577823462036391
1900.0,1541290912357.0,1541290913013.0,0.0,1.0,0.1560430697960351,2.0,9.0,0.9994027513769561
1901.0,1541290911494.0,1541290911980.0,1.0,1.0,0.0,6.0,8.0,0.5436358775410605
1902.0,1541290912528.0,1541290912678.0,0.0,3.0,0.0,0.0,12.0,0.42570321889090895
1903.0,1541290912452.0,1541290913101.0,0.0,4.0,1.0,0.0,0.0,0.7023028494006162
1904.0,1541290911537.0,1541290912251.0,0.0,6.0,0.0,3.0,13.0,0.6625759024251158
1905.0,1541290911477.0,1541290911694.0,0.0,5.0,0.0,3.0,12.0,0.7168583451154985
1906.0,1541290912740.0,1541290912947.0,1.0,0.0,0.46707762549791143,0.0,0.0,1.0
1907.0,1541290912176.0,1541290912854.0,0.0,3.0,0.0,2.0,3.0,0.688420669733863
1908.0,1541290911691.0,1541290913384.0,1.0,0.0,0.0,1.0,2.0,0.7950731237971403
1909.0,1541290911428.0,1541290912288.0,0.0,0.0,0.08577322425799881,2.0,6.0,0.8649275018979908
1910.0,1541290911494.0,1541290912453.0,1.0,2.0,0.7968159340382738,4.0,1.0,0.4462663269801672
1911.0,1541290911930.0,1541290912165.0,0.0,1.0,1.0,6.0,0.0,0.7263421875924942
1912.0,1541290911978.0,1541290912882.0,0.0,3.0,0.0,2.0,3.0,0.3956220240718882
1913.0,1541290912401.0,1541290912267.0,1.0,2.0,0.5100904335286905,0.0,0.0,0.9106744560563003
1914.0,1541290910897.0,1541290911478.0,1.0,5.0,0.0,2.0,7.0,1.0
1915.0,1541290911710.0,1541290911408.0,0.0,3.0,0.019923466047107707,5.0,3.0,0.5450854921135541
1916.0,1541290911727.0,1541290911453.0,0.0,4.0,0.39220689496688943,4.0,4.0,0.6483718507112594
1917.0,1541290912452.0,1541290914135.0,0.0,1.0,0.0,0.0,10.0,0.6457642155385286
1918.0,1541290912699.0,1541290913146.0,1.0,3.0,0.0,2.0,10.0,0.8075671424643063
1919.0,1541290911412.0,1541290911778.0,0.0,4.0,0.0,3.0,2.0,0.5828604033089377
1920.0,1541290912045.0,1541290912274.0,1.0,1.0,0.0,3.0,18.0,0.5341404623104109
1921.0,1541290911708.0,1541290911597.0,0.0,5.0,0.8736255503474784,7.0,12.0,0.7011813353449792
1922.0,1541290912615.0,1541290912810.0,0.0,4.0,0.0,6.0,10.0,0.8232640253550003
1923.0,1541290912171.0,1541290912547.0,0.0,1.0,0.32721435233886426,9.0,4.0,0.6020454435273183
1924.0,1541290911476.0,1541290911261.0,0.0,0.0,0.23510988472727198,0.0,11.0,0.9731557530448545
1925.0,1541290912045.0,1541290912581.0,1.0,3.0,0.0,5.0,4.0,0.9121112855276783
1926.0,1541290912159.0,1541290913443.0,0.0,6.0,0.11209673066372389,0.0,4.0,0.752203992587963
1927.0,1541290911934.0,1541290912583.0,1.0,3.0,0.0,1.0,10.0,0.5347818226087249
1928.0,1541290912284.0,1541290912702.0,0.0,3.0,0.3641707713571106,0.0,11.0,0.5970053086199436
1929.0,1541290911738.0,1541290912052.0,0.0,3.0,0.0,4.0,8.0,0.6698576604613711
1930.0,1541290912113.0,1541290912297.0,0.0,2.0,0.0,1.0,3.0,0.24426797147506607
1931.0,1541290912537.0,1541290912791.0,0.0,1.0,0.6222631145031825,1.0,3.0,0.8688812495137965
1932.0,1541290911345.0,1541290912078.0,1.0,4.0,0.0,4.0,10.0,0.8241150793647088
1933.0,1541290911888.0,1541290912398.0,0.0,3.0,0.0,5.0,0.0,0.4595992496207074
1934.0,1541290911960.0,1541290912567.0,0.0,1.0,1.0,2.0,13.0,0.7232770834507722
1935.0,1541290912122.0,1541290912443.0,0.0,4.0,0.8318023927922972,4.0,14.0,0.6071542368638239
1936.0,1541290913172.0,1541290913975.0,0.0,3.0,0.014271490392432154,3.0,5.0,0.2013232129749497
1937.0,1541290912453.0,1541290913232.0,0.0,8.0,0.0,2.0,12.0,0.7442213333534217
1938.0,1541290911548.0,1541290911604.0,1.0,1.0,0.30684285259477084,3.0,6.0,0.6933434302432778
1939.0,1541290912140.0,1541290913080.0,0.0,4.0,0.27841028591261263,1.0,7.0,0.38022218241498323
1940.0,1541290912425.0,1541290913323.0,0.0,3.0,0.5192712457765962,5.0,6.0,1.0
1941.0,1541290912437.0,1541290913345.0,1.0,1.0,0.0,2.0,15.0,0.8318144160518698
1942.0,1541290911886.0,1541290912290.0,0.0,4.0,0.24091670115787567,3.0,5.0,0.7010209292576699
1943.0,1541290912010.0,1541290912013.0,1.0,8.0,0.11144774596870416,4.0,6.0,0.7132276326859606
1944.0,1541290911648.0,1541290912113.0,0.0,3.0,0.0,4.0,9.0,0.5950336798739365
1945.0,1541290911825.0,1541290912504.0,0.0,3.0,0.1088240146744228,5.0,3.0,0.7680723747012662
1946.0,1541290912413.0,1541290912548.0,1.0,0.0,0.0,1.0,2.0,0.5709806440204326
1947.0,1541290911804.0,1541290912257.0,1.0,3.0,0.22409397794230768,2.0,4.0,0.8787687975705983
1948.0,1541290911724.0,1541290912247.0,1.0,1.0,0.0,1.0,10.0,0.38414963941066227
1949.0,1541290911528.0,1541290912069.0,0.0,6.0,0.3303432255696954,2.0,0.0,0.5438864132026833
1950.0,1541290912592.0,1541290913167.0,1.0,5.0,0.015471225911639366,5.0,1.0,0.5209079834270529
1951.0,1541290912316.0,1541290912527.0,1.0,2.0,0.3593590060704388,0.0,2.0,0.49675362277336793
1952.0,1541290912453.0,1541290913762.0,0.0,6.0,0.0,0.0,5.0,0.770222067838127
1953.0,1541290911376.0,1541290912296.0,0.0,8.0,0.0,0.0,2.0,0.8003661822279128
1954.0,1541290911766.0,1541290912296.0,0.0,5.0,0.3753646174113141,6.0,6.0,0.33605316035973887
1955.0,1541290911963.0,1541290911651.0,1.0,2.0,1.0,3.0,4.0,0.7109943053200105
1956.0,1541290912024.0,1541290912779.0,0.0,0.0,0.0,3.0,1.0,0.8524526337041399
1957.0,1541290912259.0,1541290913260.0,0.0,8.0,0.0,0.0,12.0,0.40360156579852574
1958.0,1541290912627.0,1541290912927.0,0.0,0.0,0.5879115316232035,3.0,11.0,0.77689946595157
1959.0,1541290911992.0,1541290912935.0,1.0,4.0,0.22069299609191687,1.0,19.0,0.6798156423974311
1960.0,1541290911448.0,1541290911136.0,0.0,1.0,0.0,7.0,3.0,0.6593597030796344
1961.0,1541290911496.0,1541290911810.0,1.0,1.0,0.0,6.0,4.0,0.4755125455435756
1962.0,1541290912440.0,1541290912364.0,0.0,8.0,0.0,3.0,5.0,0.5675962763600488
1963.0,1541290912991.0,1541290913842.0,0.0,2.0,0.3598719108327397,10.0,9.0,0.4924721121344834
1964.0,1541290911933.0,1541290912068.0,0.0,2.0,0.0,2.0,6.0,0.7177108105221166
1965.0,1541290911621.0,1541290912493.0,1.0,0.0,0.0,5.0,4.0,0.8717315773807229
1966.0,1541290911382.0,1541290911935.0,1.0,0.0,0.0,6.0,8.0,0.5631191716961585
1967.0,1541290912680.0,1541290913145.0,0.0,0.0,0.5665129841146047,0.0,7.0,0.6288847501112103
1968.0,1541290912464.0,1541290912329.0,0.0,5.0,0.0,0.0,10.0,0.788770433293903
1969.0,1541290911574.0,1541290912840.0,0.0,1.0,0.0,6.0,2.0,0.3316843879911327
1970.0,1541290912443.0,1541290913158.0,1.0,3.0,0.10223225353658517,3.0,15.0,0.726439211176362
1971.0,1541290912128.0,1541290912663.0,0.0,2.0,0.0,3.0,10.0,0.6980683772252241
1972.0,1541290911719.0,1541290912456.0,0.0,1.0,0.0,2.0,11.0,0.7265090200366501
1973.0,1541290912647.0,1541290913104.0,0.0,1.0,0.08631435733863731,3.0,16.0,0.06355763421572425
1974.0,1541290911067.0,1541290911839.0,0.0,2.0,1.0,0.0,8.0,0.4684343527314755
1975.0,1541290912501.0,1541290913362.0,0.0,4.0,0.1975719840463712,4.0,7.0,0.6033330567024265
1976.0,1541290912311.0,1541290913330.0,0.0,7.0,0.0,4.0,11.0,0.9291457949262784
1977.0,1541290911498.0,1541290912196.0,0.0,1.0,0.5634026126505991,4.0,3.0,0.719610717371173
1978.0,1541290912016.0,1541290912962.0,1.0,2.0,0.0,6.0,5.0,0.7470253950450237
1979.0,1541290912534.0,1541290913135.0,1.0,0.0,0.0,4.0,4.0,0.8363570258759174
1980.0,1541290912371.0,1541290913059.0,0.0,1.0,0.25975940021046917,3.0,10.0,0.9189731678810653
1981.0,1541290911756.0,1541290912016.0,0.0,3.0,0.4065154139982414,2.0,9.0,0.7319468011104645
1982.0,1541290912051.0,1541290912429.0,0.0,3.0,0.6008263208946237,2.0,9.0,0.7253372351751911
1983.0,1541290911779.0,1541290912504.0,0.0,7.0,0.0,0.0,3.0,0.743003866440386
1984.0,1541290912575.0,1541290912797.0,1.0,7.0,0.0017085875786037458,1.0,6.0,0.6420137368782186
1985.0,1541290912411.0,1541290912430.0,0.0,3.0,0.0,2.0,8.0,0.679457211232758
1986.0,1541290911794.0,1541290912219.0,0.0,3.0,0.0,9.0,4.0,0.9047330381160156
1987.0,1541290912213.0,1541290912477.0,1.0,6.0,0.8429576437075106,0.0,18.0,0.9386090981529431
1988.0,1541290911561.0,1541290911320.0,1.0,1.0,0.23294628495175476,1.0,6.0,0.8944269303397883
1989.0,1541290911925.0,1541290912275.0,0.0,8.0,0.7217974532787377,5.0,6.0,0.30497704443694007
1990.0,1541290912303.0,1541290913423.0,0.0,2.0,0.3834289534511295,3.0,10.0,0.609391415723567
1991.0,1541290912157.0,1541290911855.0,1.0,5.0,0.0,2.0,10.0,0.5484762606288364
1992.0,1541290911684.0,1541290912049.0,0.0,3.0,0.0,0.0,0.0,0.6535245231274883
1993.0,1541290911757.0,1541290912405.0,0.0,4.0,0.015692902832672356,12.0,7.0,0.8267054055085955
1994.0,1541290911597.0,1541290911801.0,1.0,4.0,0.7858624673170049,3.0,11.0,0.8735188133912011
1995.0,1541290911713.0,1541290911748.0,0.0,3.0,0.9729626796688537,0.0,10.0,0.8764270443684705
1996.0,1541290911878.0,1541290912680.0,0.0,9.0,0.2369990147784694,1.0,12.0,0.8150957470612532
1997.0,1541290911437.0,1541290911988.0,0.0,3.0,0.0,3.0,1.0,0.9123607317627449
1998.0,1541290911869.0,1541290912564.0,0.0,5.0,0.44683012163727576,2.0,4.0,0.5484976547346693
1999.0,1541290912473.0,1541290913208.0,0.0,3.0,0.0,7.0,2.0,0.4713307380271629
